,sample,date,time,n_iter,df,cnc_uranine,area1,area2,area3,area4
0,MLAC.HZ.220914.1000_CorrectionData.txt,2022-09-14 10:00:00,0.0,15,1,0.005336468060336481,210.95429974651904,295.95210805380157,133.70414073702935,0.0
1,MLAC.HZ.220914.1030_CorrectionData.txt,2022-09-14 10:30:00,0.5,15,1,0.004025857952628823,159.1449692331184,268.2921074609994,172.06478247562524,154.28669631509058
2,MLAC.HZ.220914.1100_CorrectionData.txt,2022-09-14 11:00:00,1.0,15,1,0.006232607427752703,246.37931318071503,270.1534207857538,162.70473758426317,202.70642522617274
3,MLAC.HZ.220914.1130_CorrectionData.txt,2022-09-14 11:30:00,1.5,15,1,0.004199371520923511,166.0040814553356,291.04304093019795,164.2986349113659,217.94787187162274
4,MLAC.HZ.220914.1200_CorrectionData.txt,2022-09-14 12:00:00,2.0,15,1,0.0040375744619858996,159.6081310095874,313.69019152021855,202.34658119563304,246.00544560697776
5,MLAC.HZ.220914.1230_CorrectionData.txt,2022-09-14 12:30:00,2.5,15,1,0.004916113773935945,194.33740199121203,302.3559062938881,200.46845021375145,174.2685079825533
6,MLAC.HZ.220914.1300_CorrectionData.txt,2022-09-14 13:00:00,3.0,15,1,0.004691714157513533,185.46672883987821,368.66969299162537,233.3964643672761,293.61582442866325
7,MLAC.HZ.220914.1330_CorrectionData.txt,2022-09-14 13:30:00,3.5,15,1,0.0061927952653942075,244.8055106699957,278.94439952393765,175.5840421236072,199.44044295940108
8,MLAC.HZ.220914.1400_CorrectionData.txt,2022-09-14 14:00:00,4.0,15,1,0.011655799382980607,460.76186890314585,437.90961935852494,208.44021013873638,0.0
9,MLAC.HZ.220914.1430_CorrectionData.txt,2022-09-14 14:30:00,4.5,15,1,0.00427237305231429,168.88988284322855,297.2171371627178,193.1323957874381,226.627172314827
10,MLAC.HZ.220914.1500_CorrectionData.txt,2022-09-14 15:00:00,5.0,15,1,0.004673369711433329,184.74156010780052,257.91671593423536,204.3091793395532,244.72924355742896
11,MLAC.HZ.220914.1530_CorrectionData.txt,2022-09-14 15:30:00,5.5,15,1,0.012874016654247025,508.9188462322519,303.96283198990557,136.38196168150714,155.28212500153577
12,MLAC.HZ.220914.1600_CorrectionData.txt,2022-09-14 16:00:00,6.0,15,1,0.04286686026581405,1694.5568468625854,460.53916624695614,258.29765688414375,296.07699207825283
13,MLAC.HZ.220914.1630_CorrectionData.txt,2022-09-14 16:30:00,6.5,15,1,0.1302891548065192,5150.421047407535,515.7082549691204,144.81670880815756,252.49891268366866
14,MLAC.HZ.220914.1700_CorrectionData.txt,2022-09-14 17:00:00,7.0,15,1,0.32968991915085194,13032.872162186075,507.2629527624461,141.03428132933436,309.6836780503816
15,MLAC.HZ.220914.1730.10x_CorrectionData.txt,2022-09-14 17:30:00,7.5,15,11,0.6558017380545202,2356.754502648916,55.42933432231414,48.38412388308699,27.42898469747388
16,MLAC.HZ.220914.1800.10x_CorrectionData.txt,2022-09-14 18:00:00,8.0,15,11,1.1791368835668201,4237.463852763511,80.82385933223753,51.70042895304212,43.79557046019009
17,MLAC.HZ.220914.1830.10x_CorrectionData.txt,2022-09-14 18:30:00,8.5,15,11,1.7442491170713392,6268.307511038535,252.7506759672262,76.7989809982249,87.45945985029559
18,MLAC.HZ.220914.1900.10x_CorrectionData.txt,2022-09-14 19:00:00,9.0,15,11,2.7225216529758334,9783.925219906238,231.25535787894057,69.57924779301896,74.18248222361763
19,MLAC.HZ.220914.1930.10x_CorrectionData.txt,2022-09-14 19:30:00,9.5,15,11,4.056239574791217,14576.906901880137,343.77147126573703,77.14615594781428,118.78726481239129
20,MLAC.HZ.220914.2000.20x_CorrectionData.txt,2022-09-14 20:00:00,10.0,15,21,4.342624051360903,8174.616846265134,180.75104327833714,53.786609406187885,42.35864101309916
21,MLAC.HZ.220914.2030.20x_CorrectionData.txt,2022-09-14 20:30:00,10.5,15,21,4.727767628085877,8899.616554572862,198.75382281956576,51.46286538658274,61.227705295088455
22,MLAC.HZ.220914.2100.20x_CorrectionData.txt,2022-09-14 21:00:00,11.0,15,21,5.346782761300935,10064.859383844967,251.77727368347402,71.75833794281932,68.06016571646254
23,MLAC.HZ.220914.2130.20x_CorrectionData.txt,2022-09-14 21:30:00,11.5,15,21,5.864931545038667,11040.22997229986,235.92523933738937,56.54223929976338,62.409563681853804
24,MLAC.HZ.220914.2200.20x_CorrectionData.txt,2022-09-14 22:00:00,12.0,15,21,6.3403516518231875,11935.167495790061,430.92803206104793,129.92275572483476,147.52187049214305
25,MLAC.HZ.220914.2230.20x_CorrectionData.txt,2022-09-14 22:30:00,12.5,15,21,6.460131834890367,12160.643404081695,230.8459618091593,58.412376078924204,64.24398806558231
26,MLAC.HZ.220914.2300.20x_CorrectionData.txt,2022-09-14 23:00:00,13.0,15,21,6.876618753868009,12944.644262515832,209.87175648899623,47.073484870348395,58.15757753523769
27,MLAC.HZ.220914.2330.20x_CorrectionData.txt,2022-09-14 23:30:00,13.5,15,21,7.014026485641857,13203.30251745125,235.11369091481544,55.77758976637578,59.86696452710298
28,MLAC.HZ.220915.0000.20x_CorrectionData.txt,2022-09-15 00:00:00,14.0,15,21,7.066990841606105,13303.003369147415,278.7177231411019,68.99061092775419,93.61196647409716
29,MLAC.HZ.220915.0030.20x_CorrectionData.txt,2022-09-15 00:30:00,14.5,15,21,6.854203785461278,12902.450009414708,302.14919936838965,71.08816209307189,104.36154944873208
30,MLAC.HZ.220915.0100.20x_CorrectionData.txt,2022-09-15 01:00:00,15.0,15,21,6.7916228355537145,12784.646745462045,277.55067927327576,76.01267004118547,75.16149899926431
31,MLAC.HZ.220915.0130.20x_CorrectionData.txt,2022-09-15 01:30:00,15.5,15,21,7.02551766231616,13224.933670715767,224.09679472476975,39.730086322054206,59.9062315043038
32,MLAC.HZ.220915.0200.20x_CorrectionData.txt,2022-09-15 02:00:00,16.0,15,21,6.7026959705387315,12617.249558821122,255.8072526395362,57.52401050022722,80.5799321818391
33,MLAC.HZ.220915.0230.20x_CorrectionData.txt,2022-09-15 02:30:00,16.5,15,21,6.601540740538597,12426.83352522784,265.8293976498337,56.97140521036752,40.22064602238842
34,MLAC.HZ.220915.0300.20x_CorrectionData.txt,2022-09-15 03:00:00,17.0,15,21,6.44870080941278,12139.125480279405,179.53330836094764,35.375286716931875,32.867788349084826
35,MLAC.HZ.220915.0330.20x_CorrectionData.txt,2022-09-15 03:30:00,17.5,15,21,6.325916352502942,11907.994284476228,202.05013042296278,42.48280881822015,37.018494097006716
36,MLAC.HZ.220915.0400.20x_CorrectionData.txt,2022-09-15 04:00:00,18.0,15,21,5.912202425331794,11129.213344982301,2.04348601808131,3.459613045098526,3.0033040531114357
37,MLAC.HZ.220915.0430.20x_CorrectionData.txt,2022-09-15 04:30:00,18.5,15,21,6.184335379603218,11641.480261505718,234.768244586,54.36609258476709,69.810133519099
38,MLAC.HZ.220915.0500.20x_CorrectionData.txt,2022-09-15 05:00:00,19.0,15,21,6.012931229297614,11318.826668186062,257.6370391222405,50.210275162091854,79.74248618913097
39,MLAC.HZ.220915.0530.20x_CorrectionData.txt,2022-09-15 05:30:00,19.5,15,21,5.619835921149483,10578.85850834306,201.0432306124484,60.611270055430104,28.044214191550612
40,MLAC.HZ.220915.0600.20x_CorrectionData.txt,2022-09-15 06:00:00,20.0,15,21,5.674560069119432,10681.872017364745,276.8265958719371,80.1171213392249,93.89656256096478
41,MLAC.HZ.220915.0630.20x_CorrectionData.txt,2022-09-15 06:30:00,20.5,15,21,5.459394127241144,10276.840609529763,78.79036797052235,86.88945001391266,30.64639087897825
42,MLAC.HZ.220915.0700.20x_CorrectionData.txt,2022-09-15 07:00:00,21.0,15,21,5.4968755450624265,10347.396159796139,189.84664354054362,47.73494280151176,21.495444908420247
43,MLAC.HZ.220915.0730.20x_CorrectionData.txt,2022-09-15 07:30:00,21.5,15,21,5.634786670261086,10607.002009623971,193.5537526527165,33.540959094663116,28.181140966251576
44,MLAC.HZ.220915.0800.20x_CorrectionData.txt,2022-09-15 08:00:00,22.0,15,21,5.2272062439400075,9839.766858755205,277.6902437140383,72.29633001059332,87.05207467143882
45,MLAC.HZ.220915.0830.20x_CorrectionData.txt,2022-09-15 08:30:00,22.5,15,21,5.053232298089933,9512.275846008764,206.5164668065398,50.64103133651332,34.60239379273419
46,MLAC.HZ.220915.0900.20x_CorrectionData.txt,2022-09-15 09:00:00,23.0,15,21,4.954423754644593,9326.277248329081,208.61892432255064,43.154789236378306,46.558977880589154
47,MLAC.HZ.220915.0930.20x_CorrectionData.txt,2022-09-15 09:30:00,23.5,15,21,4.82946201119474,9091.047497592608,227.37272982084272,67.83518233099053,33.27588546305367
48,MLAC.HZ.220915.1000.20x_CorrectionData.txt,2022-09-15 10:00:00,24.0,15,21,4.961603617931562,9339.792724383506,193.2696296375234,48.296298487833376,79.24064526192461
49,MLAC.HZ.220915.1030.20x_CorrectionData.txt,2022-09-15 10:30:00,24.5,15,21,5.092619517333134,9586.418903787875,198.09149561972222,48.346110930366834,75.35532882297257
50,MLAC.HZ.220915.1100.20x_CorrectionData.txt,2022-09-15 11:00:00,25.0,15,21,4.306621611167661,8106.845344373761,177.3176012777561,41.86797066624656,86.8031824325377
51,MLAC.HZ.220915.1130.20x_CorrectionData.txt,2022-09-15 11:30:00,25.5,15,21,4.7988148587505,9033.356864994048,238.6602575594639,60.721171103494285,81.76687037324466
52,MLAC.HZ.220915.1200.20x.a_CorrectionData.txt,2022-09-15 12:00:00,26.0,15,1,0.23877874887513445,9439.090273525939,210.8431077035021,46.91824862602782,76.92245133063906
53,MLAC.HZ.220915.1200_CorrectionData.txt,2022-09-15 12:00:00,26.0,15,1,0.23877874887513445,9439.090273525939,210.8431077035021,46.91824862602782,76.92245133063906
54,MLAC.HZ.220915.1230.20x_CorrectionData.txt,2022-09-15 12:30:00,26.5,15,21,4.698461431880615,8844.450156937219,229.0941926802633,60.252161598636505,76.69584930344445
55,MLAC.HZ.220915.1300.20x_CorrectionData.txt,2022-09-15 13:00:00,27.0,15,21,3.5521715612573455,6686.657915132747,98.22330655357877,32.022479708466804,33.95038735673436
56,MLAC.HZ.220915.1330.20x_CorrectionData.txt,2022-09-15 13:30:00,27.5,15,21,4.041220752755858,7607.251020175594,163.53324427872099,45.700430473660745,36.687130850081644
57,MLAC.HZ.220915.1400.20x_CorrectionData.txt,2022-09-15 14:00:00,28.0,15,21,4.137390667513049,7788.282625946684,177.41952594027637,45.88758483575318,45.533282086520394
58,MLAC.HZ.220915.1430.20x_CorrectionData.txt,2022-09-15 14:30:00,28.5,15,21,3.7776195617231814,7111.044415269056,190.412279898462,55.43190115097186,57.5445205074713
59,MLAC.HZ.220915.1500.20x_CorrectionData.txt,2022-09-15 15:00:00,29.0,15,21,4.118968438043317,7753.60436101103,159.9962141498165,49.42817547049539,25.166409028821818
60,MLAC.HZ.220915.1530.20x_CorrectionData.txt,2022-09-15 15:30:00,29.5,15,21,4.068302492513871,7658.230069578372,196.27772659598432,45.17145792854286,69.08941465538385
61,MLAC.HZ.220915.1600.20x_CorrectionData.txt,2022-09-15 16:00:00,30.0,15,21,3.822495540661833,7195.519591818032,168.43433517286533,55.43496353998187,37.93595162544106
62,MLAC.HZ.220915.1630.20x_CorrectionData.txt,2022-09-15 16:30:00,30.5,15,21,3.4292608787115584,6455.289110409744,145.89649169170534,51.08711713211316,45.471025564226224
63,MLAC.HZ.220915.1700.20x_CorrectionData.txt,2022-09-15 17:00:00,31.0,15,21,3.5340208011142633,6652.4906678916095,222.9605216405652,73.69645429083067,71.85372292850307
64,MLAC.HZ.220915.1730.20x_CorrectionData.txt,2022-09-15 17:30:00,31.5,15,21,3.698721909554046,6962.526360534278,134.01286671277617,43.786761774224416,18.235097461751394
65,MLAC.HZ.220915.1800.20x_CorrectionData.txt,2022-09-15 18:00:00,32.0,15,21,4.3696706818541635,8225.529805492084,179.15524945734842,51.01216076222414,43.04830958102499
66,MLAC.HZ.220915.1830.20x_CorrectionData.txt,2022-09-15 18:30:00,32.5,15,21,3.300526119335801,6212.956981207087,150.95083571871515,41.99674091015541,64.47248452544333
67,MLAC.HZ.220915.1900.20x_CorrectionData.txt,2022-09-15 19:00:00,33.0,15,21,3.659664039326613,6889.003273993928,171.06247603478772,56.62444113829975,40.326947817136954
68,MLAC.HZ.220915.1930.20x_CorrectionData.txt,2022-09-15 19:30:00,33.5,15,21,3.4880458999356616,6565.946864597794,176.29402916984822,58.59417734434641,55.48946770913706
69,MLAC.HZ.220915.2000.20x_CorrectionData.txt,2022-09-15 20:00:00,34.0,15,21,3.5876824632790156,6753.504138627835,168.5842347472977,65.37914822775025,45.619241603886344
70,MLAC.HZ.220915.2030.20x_CorrectionData.txt,2022-09-15 20:30:00,34.5,15,21,3.588690936767387,6755.402503365272,192.51442350808028,54.12706777210211,26.275164517727184
71,MLAC.HZ.220915.2100.20x_CorrectionData.txt,2022-09-15 21:00:00,35.0,15,21,3.3180559503830693,6245.955382748725,41.766680261950235,34.80012975152403,14.61375245774289
72,MLAC.HZ.220915.2130.20x_CorrectionData.txt,2022-09-15 21:30:00,35.5,15,21,3.3891513827901325,6379.786428810645,140.83854011010325,41.85144744903624,23.467001384999953
73,MLAC.HZ.220915.2200.20x_CorrectionData.txt,2022-09-15 22:00:00,36.0,15,21,3.4386500931241586,6472.963500226284,200.8354231884235,58.93945312698816,44.953719240847974
74,MLAC.HZ.220915.2230.20x_CorrectionData.txt,2022-09-15 22:30:00,36.5,15,21,3.314741457374597,6239.716134298149,151.10884728433618,55.80091609996822,23.402864408856352
75,MLAC.HZ.220915.2300.20x_CorrectionData.txt,2022-09-15 23:00:00,37.0,15,21,3.258216305126422,6133.312389387091,171.12918637270963,53.44140272002908,48.46022843555101
76,MLAC.HZ.220915.2330.20x_CorrectionData.txt,2022-09-15 23:30:00,37.5,15,21,3.315420968760586,6240.995256128048,128.94539638687135,45.041029112291916,38.80965356246981
77,MLAC.HZ.220916.0000.20x_CorrectionData.txt,2022-09-16 00:00:00,38.0,15,21,3.328019799817746,6264.711473646538,183.04201857178114,52.426522739070435,45.56513824657215
78,MLAC.HZ.220916.0030.10x_CorrectionData.txt,2022-09-16 00:30:00,38.5,15,11,3.32581554617557,11951.982296785884,214.75372956848477,54.87360566638966,49.81652560591079
79,MLAC.HZ.220916.0100.10x_CorrectionData.txt,2022-09-16 01:00:00,39.0,15,11,3.2382921309165296,11637.44942651495,241.81274498403377,55.13894552937883,53.935160853155175
80,MLAC.HZ.220916.0130.10x_CorrectionData.txt,2022-09-16 01:30:00,39.5,15,11,3.2969424547423047,11848.221077057178,231.26466995305344,56.87387982925472,50.57749337436469
81,MLAC.HZ.220916.0200.10x_CorrectionData.txt,2022-09-16 02:00:00,40.0,15,11,3.0770190603027427,11057.8824426692,284.3641709468198,70.07564665408132,83.88505466200004
82,MLAC.HZ.220916.0230.10x_CorrectionData.txt,2022-09-16 02:30:00,40.5,15,11,3.037785319109851,10916.888159112694,244.95571163028006,63.46335014155544,57.83117729571232
83,MLAC.HZ.220916.0300.10x_CorrectionData.txt,2022-09-16 03:00:00,41.0,15,11,2.605943499687694,9364.978346591492,49.24478694507238,34.10412920005341,9.604706352378873
84,MLAC.HZ.220916.0330.10x_CorrectionData.txt,2022-09-16 03:30:00,41.5,15,11,0.007904460317998982,28.40625659321609,0.11364091805953455,6.943598202596464,11.601171131431455
85,MLAC.HZ.220916.0400.10x_CorrectionData.txt,2022-09-16 04:00:00,42.0,15,11,2.7906991169702486,10028.934551117656,0.1617457180738407,63.888338322148655,1.3827199656196578e-16
86,MLAC.HZ.220916.0430.10x_CorrectionData.txt,2022-09-16 04:30:00,42.5,15,11,2.887567570193516,10377.050681422257,267.70171831884613,74.07194260451189,56.124720477903736
87,MLAC.HZ.220916.0500.10x_CorrectionData.txt,2022-09-16 05:00:00,43.0,15,11,2.8568481707041133,10266.654385004844,268.5072807488794,66.6332304928344,69.70978817025095
88,MLAC.HZ.220916.0530.10x_CorrectionData.txt,2022-09-16 05:30:00,43.5,15,11,2.73441890151985,9826.680358308928,23.613627689214265,73.52512982360031,11.287142487108122
89,MLAC.HZ.220916.0600.10x_CorrectionData.txt,2022-09-16 06:00:00,44.0,15,11,2.6595583191288483,9557.653906588474,172.86079880914374,46.66416323342708,13.656605616238869
90,MLAC.HZ.220916.0630.10x_CorrectionData.txt,2022-09-16 06:30:00,44.5,15,11,2.8706129827763305,10316.120985879601,245.2268900612869,64.17651428956324,24.44627732279831
91,MLAC.HZ.220916.0700.10x_CorrectionData.txt,2022-09-16 07:00:00,45.0,15,11,2.7702642915967832,9955.497925510916,389.29608371754347,95.44932722964583,32.6570981032701
92,MLAC.HZ.220916.0730.10x_CorrectionData.txt,2022-09-16 07:30:00,45.5,15,11,2.7373700977695727,9837.286071356239,345.86637678011124,119.22619950691545,74.90416009917166
93,MLAC.HZ.220916.0800.10x_CorrectionData.txt,2022-09-16 08:00:00,46.0,15,11,2.676585613555318,9618.844889287844,286.2649904215488,68.13534575645323,68.42938693586675
94,MLAC.HZ.220916.0830.10x_CorrectionData.txt,2022-09-16 08:30:00,46.5,15,11,2.610648997881566,9381.888493991395,260.31137510634926,84.98697403680889,25.378985709849893
95,MLAC.HZ.220916.0900.10x_CorrectionData.txt,2022-09-16 09:00:00,47.0,15,11,2.588069187940388,9300.743438008936,247.400188970323,71.54776884015222,70.04805210089535
96,MLAC.HZ.220916.0930.10x_CorrectionData.txt,2022-09-16 09:30:00,47.5,15,11,2.793621916500022,10039.438214881291,146.59622123291086,111.0822619731782,29.922100726084263
97,MLAC.HZ.220916.1000.10x_CorrectionData.txt,2022-09-16 10:00:00,48.0,15,11,2.7025084364491825,9712.003729881533,132.22949772773012,67.26403232032116,49.24052160729806
98,MLAC.HZ.220916.1030_CorrectionData.txt,2022-09-16 10:30:00,48.5,15,1,0.8455069657964736,33423.47932822683,2635.9927265656547,33.61683428424589,167.9218622217646
99,MLAC.HZ.220916.1300.10x_CorrectionData.txt,2022-09-16 13:00:00,51.0,15,11,2.6207215854139845,9418.086348682622,230.18601291900723,75.72371258163213,61.83592424873184
100,MLAC.HZ.220916.1330_CorrectionData.txt,2022-09-16 13:30:00,51.5,15,1,0.8437509133625155,33354.06135226682,2476.5989088227857,24.160048988983455,162.91474440528108
101,MLAC.HZ.220916.1600.10x_CorrectionData.txt,2022-09-16 16:00:00,54.0,15,11,2.3384046144471315,8403.523937679955,107.19615121173346,51.35593432230336,33.107781953357346
102,MLAC.HZ.220916.1630_CorrectionData.txt,2022-09-16 16:30:00,54.5,15,1,0.8452833584936743,33414.639975784936,2153.3626977420627,26.55047663174824,173.0999229736729
103,MLAC.HZ.220916.1900.10x_CorrectionData.txt,2022-09-16 19:00:00,57.0,15,11,2.3766407711936224,8540.933202320834,211.595084948501,54.537204212107866,96.03229432356113
104,MLAC.HZ.220916.1930_CorrectionData.txt,2022-09-16 19:30:00,57.5,15,1,0.8371604455555076,33093.53556901278,1587.3438970815644,38.42363876998052,154.76553722410085
105,MLAC.HZ.220916.2200.10x_CorrectionData.txt,2022-09-16 22:00:00,60.0,15,11,2.048991800514539,7363.461198012093,185.5862724946738,54.07776965277926,61.624143894009634
106,MLAC.HZ.220916.2230_CorrectionData.txt,2022-09-16 22:30:00,60.5,15,1,0.8430409877001172,33325.99749630628,1145.620396854115,55.769999360007354,168.6666405085551
107,MLAC.HZ.220917.0100.10x_CorrectionData.txt,2022-09-17 01:00:00,63.0,15,11,2.0158614231418155,7244.4005711231575,139.21646639416406,42.784714960725125,51.098556001821756
108,MLAC.HZ.220917.0130_CorrectionData.txt,2022-09-17 01:30:00,63.5,15,1,0.8148347455604825,32210.985096387183,1160.6879819851144,47.66240884285384,206.36087051599998
109,MLAC.HZ.220917.0400.10x_CorrectionData.txt,2022-09-17 04:00:00,66.0,15,11,1.8302587660412817,6577.400359865833,206.68272659551266,67.85313952211087,65.61342066673494
110,MLAC.HZ.220917.0430.10x_CorrectionData.txt,2022-09-17 04:30:00,66.5,15,11,1.8645299185995061,6700.560590185089,210.06333591115012,63.9290530249079,72.49276765708767
111,MLAC.HZ.220917.0700.10x_CorrectionData.txt,2022-09-17 07:00:00,69.0,15,11,1.7913590114225109,6437.606323757156,6.051573817619187,37.62029699901068,16.96910311004241
112,MLAC.HZ.220917.0730_CorrectionData.txt,2022-09-17 07:30:00,69.5,15,1,0.7108647772495078,28100.979824786904,1323.0325214130958,56.439195846719024,216.06626891450534
113,MLAC.HZ.220917.1000.10x_CorrectionData.txt,2022-09-17 10:00:00,72.0,15,11,1.719136202408313,6178.059237402815,143.70263059053934,39.520657000588685,47.55891428055667
114,MLAC.HZ.220917.1030_CorrectionData.txt,2022-09-17 10:30:00,72.5,15,1,0.7135131732179428,28205.67276226089,964.8247463132183,0.0,226.2436467350398
115,MLAC.HZ.220917.1300.10x_CorrectionData.txt,2022-09-17 13:00:00,75.0,15,11,1.6678940679304781,5993.910394622622,128.79628871475848,38.5462453355316,44.59554659792019
116,MLAC.HZ.220917.1330.10x_CorrectionData.txt,2022-09-17 13:30:00,75.5,15,11,1.6600491066143863,5965.717959574107,168.59160675797312,46.338652929280876,68.68657124761799
117,MLAC.HZ.220917.1600.10x_CorrectionData.txt,2022-09-17 16:00:00,78.0,15,11,1.6984736639070934,6103.804279199491,194.30459684949616,49.48482780265397,79.95174346609943
118,MLAC.HZ.220917.1630_CorrectionData.txt,2022-09-17 16:30:00,78.5,15,1,0.5560976942132211,21982.92922341731,7.463827906482838e-15,156.00125978453875,258.1106060723743
119,MLAC.HZ.220917.1900.10x_CorrectionData.txt,2022-09-17 19:00:00,81.0,15,11,1.5802604470936934,5678.981478601131,226.40572665082016,71.28391795241339,101.37973782890893
120,MLAC.HZ.220917.1930.10x_CorrectionData.txt,2022-09-17 19:30:00,81.5,15,11,1.5162456212975735,5448.931418991882,89.07105560165886,30.87364242662769,16.48578859772253
121,MLAC.HZ.220917.2200.10x_CorrectionData.txt,2022-09-17 22:00:00,84.0,15,11,1.6827269707604326,6047.2153929221895,98.25787269373899,23.964437209121805,27.87423406061106
122,MLAC.HZ.220917.2230_CorrectionData.txt,2022-09-17 22:30:00,84.5,15,1,0.5557027662112378,21967.31744439667,7.923437847348441e-16,149.17535259202418,240.61438670903863
123,MLAC.HZ.220918.0100.10x_CorrectionData.txt,2022-09-18 01:00:00,87.0,15,11,1.4326046624450786,5148.350931105005,153.39656485251348,53.26930843646154,54.12372647419463
124,MLAC.HZ.220918.0130_CorrectionData.txt,2022-09-18 01:30:00,87.5,15,1,0.7082916936682037,27999.264038437937,0.0,99.44801436388401,220.4616010233826
125,MLAC.HZ.220918.0400.10x_CorrectionData.txt,2022-09-18 04:00:00,90.0,15,11,1.3903731866817755,4996.58368975256,160.2825919101012,51.75703120279386,43.30459084775766
126,MLAC.HZ.220918.0430_CorrectionData.txt,2022-09-18 04:30:00,90.5,15,1,0.554527202336236,21920.846585533764,4.5876872783535375e-15,147.116604424723,240.48464964318615
127,MLAC.HZ.220918.0700.10x_CorrectionData.txt,2022-09-18 07:00:00,93.0,15,11,1.3571598718638724,4877.225010592607,149.81998336733184,49.54422446340716,38.74550874630641
128,MLAC.HZ.220918.0730_CorrectionData.txt,2022-09-18 07:30:00,93.5,15,1,0.6906062221524486,27300.145029926927,0.0,120.03481338714445,173.1423549521365
129,MLAC.HZ.220918.1000.10x_CorrectionData.txt,2022-09-18 10:00:00,96.0,15,11,1.2934847618892826,4648.395787625827,103.06759679277546,27.854147452503867,36.10749695943052
130,MLAC.HZ.220918.1030.10x_CorrectionData.txt,2022-09-18 10:30:00,96.5,15,11,1.291956777528937,4642.904670703959,27.283753318460995,37.31105295196823,9.031705803960909
131,MLAC.HZ.220918.1300.10x_CorrectionData.txt,2022-09-18 13:00:00,99.0,15,11,1.320202682532399,4744.411970754402,71.23952577994083,47.13427706147457,8.83743160301162
132,MLAC.HZ.220918.1330_CorrectionData.txt,2022-09-18 13:30:00,99.5,15,1,0.6817548152927939,26950.24275097798,1.0357214915789478e-15,129.13196480076854,263.4029764935984
133,MLAC.HZ.220918.1600.5x_CorrectionData.txt,2022-09-18 16:00:00,102.0,15,6,1.2605683724538448,8305.190976721371,294.2925575837344,84.22594990351456,65.79265476728196
134,MLAC.HZ.220918.1630_CorrectionData.txt,2022-09-18 16:30:00,102.5,15,1,0.6756258500617575,26707.960486029406,0.0,172.23730170439947,284.97527314425423
135,MLAC.HZ.220918.1900.5x_CorrectionData.txt,2022-09-18 19:00:00,105.0,15,6,1.2181167122361685,8025.500360098673,280.9892398316029,75.7263952048174,55.57157903592749
136,MLAC.HZ.220918.2200.5x_CorrectionData.txt,2022-09-18 22:00:00,108.0,15,6,1.147262312210355,7558.679728537142,305.01898169579187,95.27293127038217,86.74468309313315
137,MLAC.HZ.220918.2230_CorrectionData.txt,2022-09-18 22:30:00,108.5,15,1,0.5559027952944597,21975.224733394363,0.0,443.1632126273038,566.9271206110109
138,MLAC.HZ.220919.0100.5x_CorrectionData.txt,2022-09-19 01:00:00,111.0,15,6,1.1522674633627819,7591.65591380137,331.80698456728385,99.30887844161813,67.06391532738417
139,MLAC.HZ.220919.0130_CorrectionData.txt,2022-09-19 01:30:00,111.5,15,1,0.6876907908346569,27184.895999079163,81.62361497940897,429.92176344202636,602.2703618221788
140,MLAC.HZ.220919.0400.5x_CorrectionData.txt,2022-09-19 04:00:00,114.0,15,6,1.115548803286749,7349.736878702041,322.3592080024523,106.16454970985116,58.73085759160625
141,MLAC.HZ.220919.0430.5x_CorrectionData.txt,2022-09-19 04:30:00,114.5,15,6,1.2824348091244298,8449.256888970205,322.282170074168,97.13516626553432,15.685425695297033
142,MLAC.HZ.220919.0700.5x_CorrectionData.txt,2022-09-19 07:00:00,117.0,15,6,1.1739168666928668,7734.291912861394,348.2720978758267,113.77537994148881,26.896882198127052
143,MLAC.HZ.220919.0730.5x_CorrectionData.txt,2022-09-19 07:30:00,117.5,15,6,1.1428831814232945,7529.8280467931545,363.7623309734705,110.5057872258636,22.419460521359092
144,MLAC.HZ.220919.1000.5x_CorrectionData.txt,2022-09-19 10:00:00,120.0,15,6,0.9678074931390468,6376.350727866641,2.954595768134954e-18,40.176128676052244,26.67247194104001
145,MLAC.HZ.220919.1200.5x_CorrectionData.txt,2022-09-19 12:00:00,122.0,15,6,1.0153651286370637,6689.681804421791,107.77649231720589,78.24816760940405,74.39963209254132
146,MLAC.HZ.220919.1400.5x_CorrectionData.txt,2022-09-19 14:00:00,124.0,15,6,1.0278530216338726,6771.957655935871,291.8772076620336,84.46530796399148,113.99198340287548
147,MLAC.HZ.220919.1600.5x_CorrectionData.txt,2022-09-19 16:00:00,126.0,15,6,0.9362707870748816,6168.57273473029,96.42194719564326,94.63927214548708,72.66201955742339
148,MLAC.HZ.220919.1800.5x_CorrectionData.txt,2022-09-19 18:00:00,128.0,15,6,0.9661893951372336,6365.689971006663,266.80122111485355,77.25796888402571,104.58538419275709
149,MLAC.HZ.220919.2000.5x.a_CorrectionData.txt,2022-09-19 20:00:00,130.0,15,1,0.19192144584706955,7586.7884445756845,128.18925889227287,34.19295932897899,50.94754653925436
150,MLAC.HZ.220919.2000.5x_CorrectionData.txt,2022-09-19 20:00:00,130.0,15,6,1.1515286750824174,7586.7884445756845,128.18925889227287,34.19295932897899,50.94754653925436
151,MLAC.HZ.220919.2200.5x_CorrectionData.txt,2022-09-19 22:00:00,132.0,15,6,0.95175392264558,6270.5825904771855,254.558929639928,76.91390896901733,114.401762570443
152,MLAC.HZ.220920.0000.5x_CorrectionData.txt,2022-09-20 00:00:00,134.0,15,6,0.8640423786026055,5692.699518000938,1.4266855320285945,101.08425363891494,63.713967043697316
153,MLAC.HZ.220920.0200.5x_CorrectionData.txt,2022-09-20 02:00:00,136.0,15,6,0.963833173216687,6350.16612203401,0.0,9.754879072751375,5.518217837951379
154,MLAC.HZ.220920.0400.5x_CorrectionData.txt,2022-09-20 04:00:00,138.0,15,6,0.9010776634558018,5936.704619433334,86.70849999593807,12.186241191911485,41.22238292500016
155,MLAC.HZ.220920.0600.5x_CorrectionData.txt,2022-09-20 06:00:00,140.0,15,6,1.1734153362824453,7730.987605114028,281.89675089954335,72.14820824597581,78.09312675946444
156,MLAC.HZ.220920.0800.5x_CorrectionData.txt,2022-09-20 08:00:00,142.0,15,6,0.9253770835961006,6096.800120239786,234.73593889421713,76.52576110408478,95.54985564502363
157,MLAC.HZ.220920.1000.5x_CorrectionData.txt,2022-09-20 10:00:00,144.0,15,6,0.9318114751499327,6139.19278361397,301.2526218587263,90.44538390157437,113.60103157901793
158,MLAC.HZ.220920.1200.5x_CorrectionData.txt,2022-09-20 12:00:00,146.0,15,6,0.7234096920699323,4766.148174379942,233.68596597928925,78.40623007652886,107.2313871455794
159,MLAC.HZ.220920.1400.5x_CorrectionData.txt,2022-09-20 14:00:00,148.0,15,6,0.9015668276049047,5939.927452693348,231.99851615491846,83.85838155586093,33.21286022799437
160,MLAC.HZ.220921.1200.5x_CorrectionData.txt,2022-09-21 12:00:00,170.0,15,6,0.7355089634014615,4845.863611704385,138.72608919079775,43.930131073865915,72.47793189719715
161,MLAC.HZ.220921.1400.5x_CorrectionData.txt,2022-09-21 14:00:00,172.0,15,6,0.7240266788378595,4770.213160500267,149.34740129755585,48.44679621579212,58.57094956626703
162,MLAC.HZ.220921.1600.5x_CorrectionData.txt,2022-09-21 16:00:00,174.0,15,6,0.7045075055841563,4641.61207457571,237.3842640781576,84.37668028508435,86.35713488979214
163,MLAC.HZ.220921.1800.5x_CorrectionData.txt,2022-09-21 18:00:00,176.0,15,6,0.686760177636481,4524.684701850161,205.95223509715203,70.87584432773554,96.1380195902869
164,MLAC.HZ.220921.2000.5x_CorrectionData.txt,2022-09-21 20:00:00,178.0,15,6,0.6730039820974387,4434.0527031728725,154.46518385633425,65.39704596144244,85.33258806971975
165,MLAC.HZ.220921.2200.5x_CorrectionData.txt,2022-09-21 22:00:00,180.0,15,6,0.6677687928600906,4399.560923618849,77.52549961044029,6.425395683979136,5.612981570405384e-18
166,MLAC.HZ.220922.0000.5x_CorrectionData.txt,2022-09-22 00:00:00,182.0,15,6,0.7059318185457788,4650.996088497832,114.71828061232264,31.67527107775334,14.607009949187237
167,MLAC.HZ.220922.0200.5x_CorrectionData.txt,2022-09-22 02:00:00,184.0,15,6,0.6587112496806315,4339.885758408354,208.82433284443533,83.7356969315799,72.48468730714296
168,MLAC.HZ.220922.0400.5x_CorrectionData.txt,2022-09-22 04:00:00,186.0,15,6,0.6776904297987777,4464.929126865997,223.34370887116097,95.73671815265772,64.65964448600216
169,MLAC.HZ.220922.0600.5x_CorrectionData.txt,2022-09-22 06:00:00,188.0,15,6,0.6431989937372851,4237.684044558841,171.92607873364426,60.34251593875244,56.04284258275964
170,MLAC.HZ.220922.0800.5x_CorrectionData.txt,2022-09-22 08:00:00,190.0,15,6,0.6481157910899847,4270.078115281494,73.5682554876083,15.075843501627686,9.522902272752979e-18
171,MLAC.HZ.220922.1000.5x_CorrectionData.txt,2022-09-22 10:00:00,192.0,15,6,0.8020361883567815,5284.174869133198,222.20480406627368,73.79242471882525,29.55988088936103
172,MLAC.HZ.220922.1200.5x_CorrectionData.txt,2022-09-22 12:00:00,194.0,15,6,0.6326256038440218,4168.02179992871,68.39972162312517,4.001854824018791,4.755694763326642e-18
173,MLAC.HZ.220922.1400.5x_CorrectionData.txt,2022-09-22 14:00:00,196.0,15,6,0.6292179297001825,4145.570511153371,4.559721701214615,104.17953250763843,16.897937998891585
174,MLAC.HZ.220922.1600.5x_CorrectionData.txt,2022-09-22 16:00:00,198.0,15,6,0.6435302337015998,4239.866402313384,98.11979224086076,14.617820816920647,1.5330730407213058e-17
175,MLAC.HZ.220922.1800.5x_CorrectionData.txt,2022-09-22 18:00:00,200.0,15,6,0.617817141793608,4070.4569965529054,199.8598175606833,84.8374897742182,28.674630857379043
176,MLAC.HZ.220922.2000.5x_CorrectionData.txt,2022-09-22 20:00:00,202.0,15,6,0.6212611981169868,4093.147987478344,134.4540822847728,59.166055507608036,38.179602893525285
177,MLAC.HZ.220922.2200.5x_CorrectionData.txt,2022-09-22 22:00:00,204.0,15,6,0.5859280125403861,3860.3570810570022,136.95826949149892,55.99972501536225,15.442731421414603
178,MLAC.HZ.220923.0000.5x_CorrectionData.txt,2022-09-23 00:00:00,206.0,15,6,0.6084570341472351,4008.788400652413,173.79591824168904,61.55807724870757,42.71425213936685
179,MLAC.HZ.220923.0200.5x_CorrectionData.txt,2022-09-23 02:00:00,208.0,15,6,0.57346872057001,3778.26966595926,155.49484837580005,62.31742651700908,22.346000933179763
180,MLAC.HZ.220923.0400.5x_CorrectionData.txt,2022-09-23 04:00:00,210.0,15,6,0.5993387421990686,3948.71299525127,202.1082663953483,64.88206920476925,16.862293142267973
181,MLAC.HZ.220923.0600.5x_CorrectionData.txt,2022-09-23 06:00:00,212.0,15,6,0.5815611911386146,3831.5864990755213,166.25749582231552,75.88358096097856,12.208269317339793
182,MLAC.HZ.220923.0800.5x_CorrectionData.txt,2022-09-23 08:00:00,214.0,15,6,0.5800760354258054,3821.801625763938,127.74752748989562,51.08708330853739,4.454814803612555
183,MLAC.HZ.220923.1000.5x_CorrectionData.txt,2022-09-23 10:00:00,216.0,15,6,0.581398183122718,3830.5125290058745,48.029615915600715,1.668785959195839e-18,7.34889062583156e-18
184,MLAC.HZ.220923.1200.5x_CorrectionData.txt,2022-09-23 12:00:00,218.0,15,6,0.5927079026305578,3905.0260440664797,107.66602408504755,87.28914740972697,58.29370769780256
185,MLAC.HZ.220923.1400.5x_CorrectionData.txt,2022-09-23 14:00:00,220.0,15,6,0.5612501241467369,3697.7680613019666,1.9764801476973328,141.3052435734499,109.00347880526219
186,MLAC.HZ.220923.1600.5x_CorrectionData.txt,2022-09-23 16:00:00,222.0,15,6,0.5904477771363998,3890.1353215396252,24.284649442134445,111.47277306291923,78.45885938296811
187,MLAC.HZ.220923.1800.5x_CorrectionData.txt,2022-09-23 18:00:00,224.0,15,6,0.5625371731461462,3706.2477185502944,196.85319667022554,58.78662918246681,52.25265205668566
188,MLAC.HZ.220923.2000.5x_CorrectionData.txt,2022-09-23 20:00:00,226.0,15,6,0.5354908120702727,3528.054136298796,40.83753058249009,54.184167814763484,60.1090646150678
189,MLAC.HZ.220923.2200.5x_CorrectionData.txt,2022-09-23 22:00:00,228.0,15,6,0.5218481666640693,3438.1702569296435,113.44751398066977,94.7743122486078,60.79495830511146
190,MLAC.HZ.220924.0000.5x_CorrectionData.txt,2022-09-24 00:00:00,230.0,15,6,0.5134742599120568,3382.999195750837,9.5194799278225,15.883869513879871,30.465664083153854
191,MLAC.HZ.220924.0200.5x_CorrectionData.txt,2022-09-24 02:00:00,232.0,15,6,0.5042193963591635,3322.0239952381876,13.452279958285072,91.41538622946659,29.870773201737805
192,MLAC.HZ.220924.0400.5x_CorrectionData.txt,2022-09-24 04:00:00,234.0,15,6,0.4948257133351568,3260.1341896600156,1.3486995472623433,120.99476354445737,82.01971865801406
193,MLAC.HZ.220924.0600.5x_CorrectionData.txt,2022-09-24 06:00:00,236.0,15,6,0.5328875579414907,3510.902728114259,6.183584222192878,112.51844902315071,73.26932774351016
194,MLAC.HZ.220924.0800.5x_CorrectionData.txt,2022-09-24 08:00:00,238.0,15,6,0.47554938478407116,3133.133073778334,3.2158718405683806,122.50634401559074,81.29041971225219
195,MLAC.HZ.220924.1000.5x_CorrectionData.txt,2022-09-24 10:00:00,240.0,15,6,0.5214720237294967,3435.6920582262383,41.724562747598625,26.77935048623902,34.76860838985659
196,MLAC.HZ.220924.1200.5x_CorrectionData.txt,2022-09-24 12:00:00,242.0,15,6,0.4657696583825952,3068.6998409293833,85.99291283296515,120.54324192393265,74.00267697645317
197,MLAC.HZ.220924.1400.5x_CorrectionData.txt,2022-09-24 14:00:00,244.0,15,6,0.5569194965505043,3669.2359403780074,55.233961209595364,99.0310896472774,64.56536289522927
198,MLAC.HZ.220924.1600.5x_CorrectionData.txt,2022-09-24 16:00:00,246.0,15,6,0.486467036577851,3205.063470531174,58.31197312841713,23.61293572997191,24.255935716514973
199,MLAC.HZ.220924.1800.2x_CorrectionData.txt,2022-09-24 18:00:00,248.0,15,2,0.4691516419732043,9272.945606381703,148.4102799037819,185.48288143725108,118.28926524314274
200,MLAC.HZ.220924.2000.2x_CorrectionData.txt,2022-09-24 20:00:00,250.0,15,2,0.474842043457358,9385.418373649658,429.873790130903,125.99549404516829,125.54902471182196
201,MLAC.HZ.220924.2200.2x_CorrectionData.txt,2022-09-24 22:00:00,252.0,15,2,0.4769336948699081,9426.760592328701,208.9942037503068,151.59421370587177,116.16080593065836
202,MLAC.HZ.220925.0000.2x_CorrectionData.txt,2022-09-25 00:00:00,254.0,15,2,0.5724725074605282,11315.118498793656,0.015466579934749829,0.014057325712194396,11.2934411505473
203,MLAC.HZ.220925.0200.2x_CorrectionData.txt,2022-09-25 02:00:00,256.0,15,2,0.49498345921726833,9783.520471281952,168.25199313780402,115.1060490258172,73.35020394812699
204,MLAC.HZ.220925.0400.2x_CorrectionData.txt,2022-09-25 04:00:00,258.0,15,2,0.5053061302869363,9987.551660300081,8.207566364104647e-17,9.081880771390134,53.041672842936
205,MLAC.HZ.220925.0600.2x_CorrectionData.txt,2022-09-25 06:00:00,260.0,15,2,0.47052019351600444,9299.99550428367,81.00714768526069,113.20049806199657,115.4319167692226
206,MLAC.HZ.220925.0800.2x_CorrectionData.txt,2022-09-25 08:00:00,262.0,15,2,0.4470984644988548,8837.056872608062,187.602229921515,76.7370356238339,100.29599242169387
207,MLAC.HZ.220925.1000.2x_CorrectionData.txt,2022-09-25 10:00:00,264.0,15,2,0.4231265317078154,8363.243271708754,266.23040945620596,95.47654798679723,173.25137930872683
208,MLAC.HZ.220925.1200.2x_CorrectionData.txt,2022-09-25 12:00:00,266.0,15,2,0.4287463059912068,8474.3200677546,86.85110767971406,237.1174783987642,131.91197388163926
209,MLAC.HZ.220925.1400.2x_CorrectionData.txt,2022-09-25 14:00:00,268.0,15,2,0.4140879979831199,8184.593504571554,247.3289525935162,85.83019166286638,122.39444591754777
210,MLAC.HZ.220925.1600.2x_CorrectionData.txt,2022-09-25 16:00:00,270.0,15,2,0.45520795296578104,8997.343736644405,203.18317107821932,160.27248478862035,86.94028917763134
211,MLAC.HZ.220925.1800.2x_CorrectionData.txt,2022-09-25 18:00:00,272.0,15,2,0.4275586994215593,8450.846610269073,388.3040114275087,116.06303808737471,144.35823047652198
212,MLAC.HZ.220925.2000.2x_CorrectionData.txt,2022-09-25 20:00:00,274.0,15,2,0.44389251552734965,8773.690174572928,409.575256398187,142.9161030728925,171.17840259992522
213,MLAC.HZ.220925.2200.2x_CorrectionData.txt,2022-09-25 22:00:00,276.0,15,2,0.41554312535129373,8213.354603815887,329.45106058169154,133.92049481123163,140.26288326376095
214,MLAC.HZ.220926.0000.2x_CorrectionData.txt,2022-09-26 00:00:00,278.0,15,2,0.4386705426768566,8670.47606240024,434.8152522731265,125.62010458331383,152.55276004692635
215,MLAC.HZ.220926.0200.2x_CorrectionData.txt,2022-09-26 02:00:00,280.0,15,2,0.42260528582150425,8352.940665218912,263.960317991928,99.32644985377014,98.95739040405472
216,MLAC.HZ.220926.0400.2x.a_CorrectionData.txt,2022-09-26 04:00:00,282.0,15,1,0.20505582522802024,8105.999610760172,122.75792465232134,15.195995636145259,15.567588198513954
217,MLAC.HZ.220926.0400_CorrectionData.txt,2022-09-26 04:00:00,282.0,15,1,0.20505582522802024,8105.999610760172,122.75792465232134,15.195995636145259,15.567588198513954
218,MLAC.HZ.220926.0600.2x_CorrectionData.txt,2022-09-26 06:00:00,284.0,15,2,0.41169099553890576,8137.215916399688,377.7933377634499,108.05873135748396,107.72769186989764
219,MLAC.HZ.220926.0800.2x_CorrectionData.txt,2022-09-26 08:00:00,286.0,15,2,0.40867692309549936,8077.641724771903,157.71103282161647,61.373181951433565,29.307853330639308
220,MLAC.HZ.220926.1000.2x_CorrectionData.txt,2022-09-26 10:00:00,288.0,15,2,0.39072611710401217,7722.837792189101,321.2667375140011,121.42195292197195,33.25164973212935
221,MLAC.HZ.220926.1200.2x_CorrectionData.txt,2022-09-26 12:00:00,290.0,15,2,0.40689882905112346,8042.497076685025,332.024245126416,119.78713414946284,62.99268880407879
222,MLAC.HZ.220926.1400.2x_CorrectionData.txt,2022-09-26 14:00:00,292.0,15,2,0.38884297053383776,7685.616744340634,244.9880209860118,90.42873146996497,72.68382452091771
223,MLAC.HZ.220926.1600.2x_CorrectionData.txt,2022-09-26 16:00:00,294.0,15,2,0.38796513824227585,7668.266083354044,121.91754773825308,32.73075623040353,19.969629902846357
224,MLAC.HZ.220926.1800.2x_CorrectionData.txt,2022-09-26 18:00:00,296.0,15,2,0.37917924847470746,7494.609912023879,150.88734029809987,23.912866311594588,13.729336017834136
225,MLAC.HZ.220927.1000_CorrectionData.txt,2022-09-27 10:00:00,312.0,15,1,0.35417866983114815,14000.929535156327,246.62451742248032,56.97659459862981,92.4449023265256
226,MLAC.HZ.220927.2200_CorrectionData.txt,2022-09-27 22:00:00,324.0,15,1,0.33866137363433596,13387.520007328769,37.021655070395504,48.86353248082701,35.54943458905312
227,MLAC.HZ.220928.1000_CorrectionData.txt,2022-09-28 10:00:00,336.0,15,1,0.3393230186821032,13413.675296961232,331.13145984201395,70.52463081310744,115.40511579430613
228,MLAC.HZ.220928.2200_CorrectionData.txt,2022-09-28 22:00:00,348.0,15,1,0.32124035199166256,12698.854886513374,63.276371692442694,14.457403423975594,33.04132304409296
229,MLAC.HZ.220929.1000_CorrectionData.txt,2022-09-29 10:00:00,360.0,15,1,0.3325339249564579,13145.297692782957,634.9674587563761,134.49185578920498,175.34917991723063
230,MLAC.HZ.220929.2200_CorrectionData.txt,2022-09-29 22:00:00,372.0,15,1,0.3020795631657189,11941.415557041773,161.92405243550886,96.8989732448465,52.30527552268672
231,MLAC.HZ.220930.1000_CorrectionData.txt,2022-09-30 10:00:00,384.0,15,1,0.2949381778761097,11659.111621937813,105.27350952118643,40.58994190265035,69.19160403579711
232,MLAC.HZ.220930.2200_CorrectionData.txt,2022-09-30 22:00:00,396.0,15,1,0.2748084167767407,10863.368143522923,174.03452604531282,144.29690693746528,123.15138347103654
233,MLAC.HZ.221001.1000_CorrectionData.txt,2022-10-01 10:00:00,408.0,15,1,0.27751543991198774,10970.378653739985,398.7186751033219,104.23158482701272,144.7892435038493
234,MLAC.HZ.221001.2200_CorrectionData.txt,2022-10-01 22:00:00,420.0,15,1,0.26112319487356783,10322.381788724517,239.2737514614685,155.91982233991033,74.68368307054389
235,MLAC.HZ.221002.1000_CorrectionData.txt,2022-10-02 10:00:00,432.0,15,1,0.2633555641478127,10410.628901177817,360.3925350014188,60.01164879956108,79.50272371865385
236,MLAC.HZ.221002.2200_CorrectionData.txt,2022-10-02 22:00:00,444.0,15,1,0.2488414546146372,9836.87604097195,5.173273875123246e-19,45.47468456871292,31.4950770239646
237,MLAC.HZ.221003.1000_CorrectionData.txt,2022-10-03 10:00:00,456.0,15,1,0.24633887611878774,9737.947369764026,163.6497547912526,14.363410132823907,23.766438832634623
238,MLAC.HZ.221003.2200_CorrectionData.txt,2022-10-03 22:00:00,468.0,15,1,0.23334879037850823,9224.440231708539,211.76725371168465,120.58295586398967,69.66808335153318
239,MLAC.HZ.221004.1000_CorrectionData.txt,2022-10-04 10:00:00,480.0,15,1,0.22382035873555814,8847.774691468358,1.1187845516271748e-17,4.654765515881848e-16,2.490795479524083e-17
240,MLAC.HZ.221004.2200_CorrectionData.txt,2022-10-04 22:00:00,492.0,15,1,0.2100440807583373,8303.188826634236,0.0,100.54907749095796,61.08451002799853
241,MLAC.HZ.221005.1000_CorrectionData.txt,2022-10-05 10:00:00,504.0,15,1,0.2406348825210278,9512.464529509154,159.29609940126878,7.683444690774085,17.90443832635547
242,MLAC.HZ.221005.2200_CorrectionData.txt,2022-10-05 22:00:00,516.0,15,1,0.22850454519519772,9032.943845167572,67.63726630435454,6.633523018694588,11.644623114208954
243,MLAC.HZ.221006.1000_CorrectionData.txt,2022-10-06 10:00:00,528.0,15,1,0.21861240536081245,8641.900666765074,255.49422154629835,43.92233876311533,84.7263413838857
244,MLAC.HZ.221006.2200_CorrectionData.txt,2022-10-06 22:00:00,540.0,15,1,0.21141463545826064,8357.367808634626,213.78334652296704,117.68038873462454,66.1740888950603
245,MLAC.HZ.221007.1000_CorrectionData.txt,2022-10-07 10:00:00,552.0,15,1,0.21160850692786143,8365.03168287655,70.93122333294531,5.689847586272392e-17,3.525840642684478e-17
246,MLAC.HZ.221007.2200_CorrectionData.txt,2022-10-07 22:00:00,564.0,15,1,0.19998472271274298,7905.535395860387,123.68312104656354,30.75673130039462,56.41457498233604
247,MLAC.HZ.221008.1000_CorrectionData.txt,2022-10-08 10:00:00,576.0,15,1,0.19024072680182258,7520.348449947785,164.48322430022088,27.384337770751824,60.69074113573297
248,MLAC.HZ.221008.2200_CorrectionData.txt,2022-10-08 22:00:00,588.0,15,1,0.1772787220549834,7007.951373123887,77.06038568427691,89.57113749064794,86.06547868591196
249,MLAC.HZ.221009.1000_CorrectionData.txt,2022-10-09 10:00:00,600.0,15,1,0.18461976271392821,7298.147824055288,316.13241976461785,66.48962204490219,69.96093020274174
250,MLAC.HZ.221010.1000_CorrectionData.txt,2022-10-10 10:00:00,624.0,15,1,0.16283028451320572,6436.794572484318,178.62650814940653,31.6928411245381,73.61986292229061
251,MLAC.HZ.221010.2200_CorrectionData.txt,2022-10-10 22:00:00,636.0,15,1,0.16615303562683226,6568.145238595652,212.68877051223558,155.39224812202053,85.97747881689656
252,MLAC.HZ.221011.1000_CorrectionData.txt,2022-10-11 10:00:00,648.0,15,1,0.17830552561806734,7048.541633231982,102.70575425856092,8.323459791017158e-17,3.41177001203933e-15
253,MLAC.HZ.221011.2200_CorrectionData.txt,2022-10-11 22:00:00,660.0,15,1,0.22956015422944326,9074.672805616241,2459.3527928596473,2093.3602530634453,1153.3584045794064
254,MLAC.HZ.221012.1000_CorrectionData.txt,2022-10-12 10:00:00,672.0,15,1,0.14623276257385706,5780.68296858164,187.19218473045692,20.677143560869798,3.7361550650236843
255,MLAC.HZ.221012.2200_CorrectionData.txt,2022-10-12 22:00:00,684.0,15,1,0.14895594484062258,5888.33226052389,1033.4220209481985,530.3603060558314,871.9852095660987
256,MLAC.HZ.221013.1000_CorrectionData.txt,2022-10-13 10:00:00,696.0,15,1,0.13245522623968353,5236.0473600206205,15.95339151691455,73.89947740239214,70.79249062401462
257,MLAC.HZ.221013.2200_CorrectionData.txt,2022-10-13 22:00:00,708.0,15,1,0.12396619535050908,4900.470055611635,73.12964966998001,38.00633298115766,90.03473752582839
258,MLAC.HZ.221014.1000_CorrectionData.txt,2022-10-14 10:00:00,720.0,15,1,0.11885451662802031,4698.401834975867,6.076956062199477e-19,4.466135096932894e-17,5.598233271688097
259,MLAC.HZ.221014.2200_CorrectionData.txt,2022-10-14 22:00:00,732.0,15,1,0.11519832224441158,4553.869924129444,365.153800853436,126.1746332233372,130.85595322642524
260,MLAC.HZ.221015.1000_CorrectionData.txt,2022-10-15 10:00:00,744.0,15,1,0.11209790959986397,4431.3084525791855,267.2416688658083,100.56977778049087,133.84380091809146
261,MLAC.HZ.221015.2200_CorrectionData.txt,2022-10-15 22:00:00,756.0,15,1,0.110683798622443,4375.407660588518,175.25024745655273,153.31026904886954,69.56857537530622
262,MLAC.HZ.221016.1000_CorrectionData.txt,2022-10-16 10:00:00,768.0,15,1,0.1150126517869453,4546.530241609927,367.6153727007139,113.84814844406293,133.28183430529958
263,MLAC.HZ.221016.2200_CorrectionData.txt,2022-10-16 22:00:00,780.0,15,1,0.11212837815057336,4432.512895612765,205.82421394102803,128.80883763834177,135.15243573704612
264,MLAC.HZ.221017.1000_CorrectionData.txt,2022-10-17 10:00:00,792.0,15,1,0.1223330132391796,4835.909229095168,507.5881492028622,269.79327542234887,90.08528513797117
265,MLAC.HZ.221017.2200_CorrectionData.txt,2022-10-17 22:00:00,804.0,15,1,0.1270447578321299,5022.167775000828,120.22086993310978,1.0418650871791227e-15,3.4266026012565304e-15
