well,elapsed,buildup,buildup(m)
PZ-1,0,0,0
PZ-1,20,0.0076553,0.002333222
PZ-1,40,0.0076553,0.002333222
PZ-1,60,0.0076553,0.002333222
PZ-1,80,0.0076553,0.002333222
PZ-1,100,0.00756781,0.002306556
PZ-1,120,0.00713036,0.002173228
PZ-1,140,0.00669292,0.002039902
PZ-1,160,0.00625547,0.001906574
PZ-1,180,0.0115595,0.003523164
PZ-1,200,0.01112205,0.003389835
PZ-1,220,0.00494313,0.001506593
PZ-1,240,0.01024716,0.003123182
PZ-1,260,0.01555118,0.004739768
PZ-1,280,0.01511374,0.004606443
PZ-1,300,0.02041776,0.00622303
PZ-1,320,0.01423885,0.00433979
PZ-1,340,0.01954287,0.005956376
PZ-1,360,0.0248469,0.007572966
PZ-1,380,0.02440945,0.007439637
PZ-1,400,0.01850394,0.005639726
PZ-1,420,0.03091645,0.009422874
PZ-1,440,0.03184602,0.009706193
PZ-1,460,0.03851706,0.011739427
PZ-1,480,0.03944664,0.012022749
PZ-1,500,0.04037621,0.012306068
PZ-1,520,0.04704725,0.014339302
PZ-1,540,0.05563211,0.01695584
PZ-1,560,0.06230315,0.018989073
PZ-1,580,0.0689742,0.02102231
PZ-1,600,0.06990377,0.021305629
PZ-1,620,0.07083334,0.021588948
PZ-1,640,0.07750438,0.023622182
PZ-1,660,0.07652013,0.023322198
PZ-1,680,0.08319117,0.025355431
PZ-1,700,0.08393483,0.025582088
PZ-1,720,0.0896763,0.027332002
PZ-1,740,0.08584865,0.026165392
PZ-1,760,0.09159012,0.027915306
PZ-1,780,0.09733159,0.029665221
PZ-1,800,0.09733159,0.029665221
PZ-1,820,0.09733159,0.029665221
PZ-1,840,0.10115924,0.030831832
PZ-1,860,0.10115924,0.030831832
PZ-1,880,0.10690071,0.032581746
PZ-1,900,0.10690071,0.032581746
PZ-1,920,0.11264218,0.034331661
PZ-1,940,0.11838365,0.036081576
PZ-1,960,0.11838365,0.036081576
PZ-1,980,0.11838365,0.036081576
PZ-1,"1,000.00",0.12402669,0.03780149
PZ-1,"1,020.00",0.12353456,0.037651496
PZ-1,"1,040.00",0.12304244,0.037501506
PZ-1,"1,060.00",0.12255031,0.037351512
PZ-1,"1,080.00",0.12779966,0.038951436
PZ-1,"1,100.00",0.133049,0.040551356
PZ-1,"1,120.00",0.13064305,0.039818059
PZ-1,"1,140.00",0.13015093,0.039668068
PZ-1,"1,160.00",0.13540027,0.041267988
PZ-1,"1,180.00",0.13490814,0.041117995
PZ-1,"1,200.00",0.13441602,0.040968004
PZ-1,"1,220.00",0.13966536,0.042567924
PZ-1,"1,240.00",0.14874235,0.045334456
PZ-1,"1,260.00",0.15973317,0.048684294
PZ-1,"1,280.00",0.15349957,0.046784386
PZ-1,"1,300.00",0.15894576,0.048444304
PZ-1,"1,320.00",0.15943789,0.048594297
PZ-1,"1,340.00",0.16184384,0.049327595
PZ-1,"1,360.00",0.16616361,0.050644197
PZ-1,"1,380.00",0.16856956,0.051377495
PZ-1,"1,400.00",0.16906169,0.051527489
PZ-1,"1,420.00",0.17912293,0.054594005
PZ-1,"1,440.00",0.17578741,0.053577388
PZ-1,"1,460.00",0.18202101,0.055477297
PZ-1,"1,480.00",0.18251313,0.055627287
PZ-1,"1,500.00",0.18874673,0.057527196
PZ-1,"1,520.00",0.19498032,0.059427101
PZ-1,"1,540.00",0.19547245,0.059577095
PZ-1,"1,560.00",0.19596458,0.059727089
PZ-1,"1,580.00",0.20219817,0.061626995
PZ-1,"1,600.00",0.20259187,0.061746989
PZ-1,"1,620.00",0.20833334,0.063496903
PZ-1,"1,640.00",0.20833334,0.063496903
PZ-1,"1,660.00",0.20833334,0.063496903
PZ-1,"1,680.00",0.21790246,0.066413429
PZ-1,"1,700.00",0.21407481,0.065246818
PZ-1,"1,720.00",0.2293854,0.069913258
PZ-1,"1,740.00",0.2293854,0.069913258
PZ-1,"1,760.00",0.23512687,0.071663173
PZ-1,"1,780.00",0.24086834,0.073413087
PZ-1,"1,800.00",0.24086834,0.073413087
PZ-1,"1,820.00",0.24660981,0.075163002
PZ-1,"1,840.00",0.24086834,0.073413087
PZ-1,"1,860.00",0.24086834,0.073413087
PZ-1,"1,880.00",0.24660981,0.075163002
PZ-1,"1,900.00",0.24652232,0.075136336
PZ-1,"1,920.00",0.25374017,0.07733623
PZ-1,"1,940.00",0.25330272,0.077202902
PZ-1,"1,960.00",0.25095145,0.076486269
PZ-1,"1,980.00",0.26199695,0.079852774
PZ-1,"2,000.00",0.2615595,0.079719445
PZ-1,"2,020.00",0.25538059,0.077836205
PZ-1,"2,040.00",0.26068461,0.079452792
PZ-1,"2,060.00",0.26024717,0.079319467
PZ-1,"2,080.00",0.26555119,0.080936053
PZ-1,"2,100.00",0.26511375,0.080802728
PZ-1,"2,120.00",0.2646763,0.0806694
PZ-1,"2,140.00",0.26998033,0.082285989
PZ-1,"2,160.00",0.26954288,0.082152661
PZ-1,"2,180.00",0.26910544,0.082019336
PZ-1,"2,200.00",0.27075679,0.082522642
PZ-1,"2,220.00",0.27693571,0.084405885
PZ-1,"2,240.00",0.27737315,0.084539211
PZ-1,"2,260.00",0.28355207,0.086422454
PZ-1,"2,280.00",0.28398951,0.086555779
PZ-1,"2,300.00",0.28251313,0.0861058
PZ-1,"2,320.00",0.28869205,0.087989043
PZ-1,"2,340.00",0.2891295,0.088122371
PZ-1,"2,360.00",0.28382547,0.086505782
PZ-1,"2,380.00",0.29000439,0.088389025
PZ-1,"2,400.00",0.2961833,0.090272265
PZ-1,"2,420.00",0.29662075,0.090405593
PZ-1,"2,440.00",0.29705819,0.090538918
PZ-1,"2,460.00",0.30323711,0.092422161
PZ-1,"2,480.00",0.30367455,0.092555486
PZ-1,"2,500.00",0.30976598,0.094412063
PZ-1,"2,520.00",0.30976598,0.094412063
PZ-1,"2,540.00",0.31550745,0.096161978
PZ-1,"2,560.00",0.30976598,0.094412063
PZ-1,"2,580.00",0.31550745,0.096161978
PZ-1,"2,600.00",0.31550745,0.096161978
PZ-1,"2,620.00",0.31550745,0.096161978
PZ-1,"2,640.00",0.32124892,0.097911893
PZ-1,"2,660.00",0.32124892,0.097911893
PZ-1,"2,680.00",0.32890421,0.100245111
PZ-1,"2,700.00",0.32890421,0.100245111
PZ-1,"2,720.00",0.33464568,0.101995026
PZ-1,"2,740.00",0.33464568,0.101995026
PZ-1,"2,760.00",0.33847333,0.103161637
PZ-1,"2,780.00",0.33847333,0.103161637
PZ-1,"2,800.00",0.33847333,0.103161637
PZ-1,"2,820.00",0.33847333,0.103161637
PZ-1,"2,840.00",0.3442148,0.104911551
PZ-1,"2,860.00",0.3442148,0.104911551
PZ-1,"2,880.00",0.34995627,0.106661466
PZ-1,"2,900.00",0.3442148,0.104911551
PZ-1,"2,920.00",0.3442148,0.104911551
PZ-1,"2,940.00",0.34995627,0.106661466
PZ-1,"2,960.00",0.34995627,0.106661466
PZ-1,"2,980.00",0.3442148,0.104911551
PZ-1,"3,000.00",0.34995627,0.106661466
PZ-1,"3,020.00",0.34995627,0.106661466
PZ-1,"3,040.00",0.35569774,0.108411381
PZ-1,"3,060.00",0.36143921,0.110161295
PZ-1,"3,080.00",0.36143921,0.110161295
PZ-1,"3,100.00",0.36326554,0.110717934
PZ-1,"3,120.00",0.3628281,0.110584608
PZ-1,"3,140.00",0.36813212,0.112201195
PZ-1,"3,160.00",0.36195321,0.110317955
PZ-1,"3,180.00",0.36151576,0.110184627
PZ-1,"3,200.00",0.36107832,0.110051301
PZ-1,"3,220.00",0.36638234,0.111667888
PZ-1,"3,240.00",0.37168637,0.113284477
PZ-1,"3,260.00",0.37124892,0.113151149
PZ-1,"3,280.00",0.37655295,0.114767738
PZ-1,"3,300.00",0.3761155,0.11463441
PZ-1,"3,320.00",0.37567805,0.114501082
PZ-1,"3,340.00",0.38098208,0.116117671
PZ-1,"3,360.00",0.38054463,0.115984343
PZ-1,"3,380.00",0.38010719,0.115851018
PZ-1,"3,400.00",0.37984472,0.115771021
PZ-1,"3,420.00",0.38602364,0.117654264
PZ-1,"3,440.00",0.38646108,0.117787589
PZ-1,"3,460.00",0.38689853,0.117920917
PZ-1,"3,480.00",0.3815945,0.116304328
PZ-1,"3,500.00",0.38203195,0.116437656
PZ-1,"3,520.00",0.38821086,0.118320896
PZ-1,"3,540.00",0.39438978,0.120204139
PZ-1,"3,560.00",0.39482722,0.120337464
PZ-1,"3,580.00",0.39526467,0.120470792
PZ-1,"3,600.00",0.39570211,0.120604118
PZ-1,"3,620.00",0.39613956,0.120737446
PZ-1,"3,640.00",0.39657701,0.120870774
PZ-1,"3,660.00",0.39701445,0.121004099
PZ-1,"3,680.00",0.3974519,0.121137428
PZ-1,"3,700.00",0.40345583,0.122967336
PZ-1,"3,720.00",0.40301839,0.122834011
PZ-1,"3,740.00",0.40258094,0.122700683
PZ-1,"3,760.00",0.40788497,0.124317272
PZ-1,"3,780.00",0.40744752,0.124183944
PZ-1,"3,800.00",0.41275155,0.125800533
PZ-1,"3,820.00",0.4123141,0.125667205
PZ-1,"3,840.00",0.41187666,0.12553388
PZ-1,"3,860.00",0.41143921,0.125400552
PZ-1,"3,880.00",0.41674324,0.127017141
PZ-1,"3,900.00",0.42204726,0.128633728
PZ-1,"3,920.00",0.42160981,0.128500399
PZ-1,"3,940.00",0.4154309,0.126617159
PZ-1,"3,960.00",0.41499345,0.126483831
PZ-1,"3,980.00",0.42029748,0.128100421
PZ-1,"4,000.00",0.42003501,0.128020424
PZ-1,"4,020.00",0.42621393,0.129903667
PZ-1,"4,040.00",0.42665137,0.130036992
PZ-1,"4,060.00",0.42708882,0.13017032
PZ-1,"4,080.00",0.42752626,0.130303645
PZ-1,"4,100.00",0.42796371,0.130436973
PZ-1,"4,120.00",0.43414262,0.132320213
PZ-1,"4,140.00",0.43458007,0.132453542
PZ-1,"4,160.00",0.43501751,0.132586867
PZ-1,"4,180.00",0.43545496,0.132720195
PZ-1,"4,200.00",0.4358924,0.13285352
PZ-1,"4,220.00",0.43632985,0.132986849
PZ-1,"4,240.00",0.4367673,0.133120177
PZ-1,"4,260.00",0.43720474,0.133253502
PZ-1,"4,280.00",0.44529748,0.135720049
PZ-1,"4,300.00",0.45148733,0.137606623
PZ-1,"4,320.00",0.44623799,0.136006702
PZ-1,"4,340.00",0.45247158,0.137906608
PZ-1,"4,360.00",0.45296371,0.138056602
PZ-1,"4,380.00",0.45919731,0.13995651
PZ-1,"4,400.00",0.4654309,0.141856416
PZ-1,"4,420.00",0.46592303,0.14200641
PZ-1,"4,440.00",0.46641515,0.1421564
PZ-1,"4,460.00",0.46690728,0.142306394
PZ-1,"4,480.00",0.47314088,0.144206303
PZ-1,"4,500.00",0.473633,0.144356294
PZ-1,"4,520.00",0.46838366,0.142756373
PZ-1,"4,540.00",0.46887578,0.142906364
PZ-1,"4,560.00",0.46936791,0.143056358
PZ-1,"4,580.00",0.46986004,0.143206352
PZ-1,"4,600.00",0.47599521,0.14507626
PZ-1,"4,620.00",0.47025374,0.143326346
PZ-1,"4,640.00",0.47599521,0.14507626
PZ-1,"4,660.00",0.47599521,0.14507626
PZ-1,"4,680.00",0.47599521,0.14507626
PZ-1,"4,700.00",0.47599521,0.14507626
PZ-1,"4,720.00",0.47599521,0.14507626
PZ-1,"4,740.00",0.47599521,0.14507626
PZ-1,"4,760.00",0.47599521,0.14507626
PZ-1,"4,780.00",0.48173668,0.146826175
PZ-1,"4,800.00",0.48173668,0.146826175
PZ-1,"4,820.00",0.48173668,0.146826175
PZ-1,"4,840.00",0.48173668,0.146826175
PZ-1,"4,860.00",0.48173668,0.146826175
PZ-1,"4,880.00",0.48173668,0.146826175
PZ-1,"4,900.00",0.48163825,0.146796175
PZ-1,"4,920.00",0.48114612,0.146646181
PZ-1,"4,940.00",0.48639547,0.148246105
PZ-1,"4,960.00",0.48590334,0.148096111
PZ-1,"4,980.00",0.49689416,0.151445949
PZ-1,"5,000.00",0.49640203,0.151295956
PZ-1,"5,020.00",0.50165137,0.152895876
PZ-1,"5,040.00",0.50690072,0.1544958
PZ-1,"5,060.00",0.50640859,0.154345806
PZ-1,"5,080.00",0.50591647,0.154195815
PZ-1,"5,100.00",0.49968287,0.152295907
PZ-1,"5,120.00",0.50493221,0.153895827
PZ-1,"5,140.00",0.50444009,0.153745837
PZ-1,"5,160.00",0.50394796,0.153595843
PZ-1,"5,180.00",0.50345584,0.153445852
PZ-1,"5,200.00",0.50890203,0.15510577
PZ-1,"5,220.00",0.50939416,0.155255763
PZ-1,"5,240.00",0.50414481,0.15365584
PZ-1,"5,260.00",0.51037841,0.155555748
PZ-1,"5,280.00",0.51087054,0.155705742
PZ-1,"5,300.00",0.51136266,0.155855733
PZ-1,"5,320.00",0.50611332,0.154255812
PZ-1,"5,340.00",0.51234691,0.156155718
PZ-1,"5,360.00",0.50709757,0.154555797
PZ-1,"5,380.00",0.51907264,0.15820562
PZ-1,"5,400.00",0.51956476,0.158355611
PW-2,0,0,0
PW-2,20,0,0
PW-2,40,0,0
PW-2,60,0,0
PW-2,80,0.00574147,0.001749915
PW-2,100,-0.00008749,-2.66657E-05
PW-2,120,-0.00052494,-0.000159994
PW-2,140,0.00477909,0.001456596
PW-2,160,0.01008311,0.003073182
PW-2,180,0.00964567,0.002939857
PW-2,200,0.01494969,0.004556443
PW-2,220,0.01451225,0.004423118
PW-2,240,0.0140748,0.00428979
PW-2,260,0.01937882,0.005906376
PW-2,280,0.01894138,0.005773051
PW-2,300,0.02615923,0.007972944
PW-2,320,0.02572178,0.007839616
PW-2,340,0.03102581,0.009456205
PW-2,360,0.03058836,0.009322877
PW-2,380,0.04163386,0.012689381
PW-2,400,0.04146981,0.012639381
PW-2,420,0.04814086,0.014672618
PW-2,440,0.04907043,0.014955937
PW-2,460,0.05574147,0.016989171
PW-2,480,0.05667104,0.01727249
PW-2,500,0.06334208,0.019305724
PW-2,520,0.07001312,0.021338958
PW-2,540,0.07094269,0.021622277
PW-2,560,0.07761373,0.023655511
PW-2,580,0.07854331,0.023938833
PW-2,600,0.07947288,0.024222152
PW-2,620,0.08805774,0.026838689
PW-2,640,0.09472878,0.028871923
PW-2,660,0.09565835,0.029155242
PW-2,680,0.09658793,0.029438564
PW-2,700,0.10307305,0.031415133
PW-2,720,0.10307305,0.031415133
PW-2,740,0.10498688,0.03199844
PW-2,760,0.10498688,0.03199844
PW-2,780,0.10498688,0.03199844
PW-2,800,0.11455599,0.034914962
PW-2,820,0.11072835,0.033748354
PW-2,840,0.11838364,0.036081573
PW-2,860,0.11838364,0.036081573
PW-2,880,0.12603893,0.038414791
PW-2,900,0.12603893,0.038414791
PW-2,920,0.12603893,0.038414791
PW-2,940,0.1317804,0.040164706
PW-2,960,0.1317804,0.040164706
PW-2,980,0.14517717,0.044247842
PW-2,"1,000.00",0.14125109,0.043051231
PW-2,"1,020.00",0.14458662,0.044067851
PW-2,"1,040.00",0.14983596,0.045667772
PW-2,"1,060.00",0.14934383,0.045517778
PW-2,"1,080.00",0.14885171,0.045367787
PW-2,"1,100.00",0.15410105,0.046967708
PW-2,"1,120.00",0.15360893,0.046817717
PW-2,"1,140.00",0.1531168,0.046667723
PW-2,"1,160.00",0.15836614,0.048267644
PW-2,"1,180.00",0.15787402,0.048117653
PW-2,"1,200.00",0.15738189,0.047967659
PW-2,"1,220.00",0.15306212,0.046651058
PW-2,"1,240.00",0.16213911,0.049417589
PW-2,"1,260.00",0.16547463,0.050434206
PW-2,"1,280.00",0.16689633,0.050867519
PW-2,"1,300.00",0.16660105,0.050777522
PW-2,"1,320.00",0.16709318,0.050927516
PW-2,"1,340.00",0.17141295,0.052244118
PW-2,"1,360.00",0.17190508,0.052394112
PW-2,"1,380.00",0.16665573,0.050794188
PW-2,"1,400.00",0.1786308,0.054444011
PW-2,"1,420.00",0.17912292,0.054594002
PW-2,"1,440.00",0.18727034,0.057077214
PW-2,"1,460.00",0.18584865,0.056643904
PW-2,"1,480.00",0.19590989,0.059710421
PW-2,"1,500.00",0.19257437,0.058693804
PW-2,"1,520.00",0.18732502,0.05709388
PW-2,"1,540.00",0.19355862,0.058993788
PW-2,"1,560.00",0.19979222,0.060893697
PW-2,"1,580.00",0.20028434,0.061043688
PW-2,"1,600.00",0.20067804,0.061163682
PW-2,"1,620.00",0.20067804,0.061163682
PW-2,"1,640.00",0.20641951,0.062913596
PW-2,"1,660.00",0.20641951,0.062913596
PW-2,"1,680.00",0.21216098,0.064663511
PW-2,"1,700.00",0.20641951,0.062913596
PW-2,"1,720.00",0.21216098,0.064663511
PW-2,"1,740.00",0.21981628,0.066996733
PW-2,"1,760.00",0.21216098,0.064663511
PW-2,"1,780.00",0.21981628,0.066996733
PW-2,"1,800.00",0.21981628,0.066996733
PW-2,"1,820.00",0.2217301,0.067580037
PW-2,"1,840.00",0.22555775,0.068746647
PW-2,"1,860.00",0.22555775,0.068746647
PW-2,"1,880.00",0.22747157,0.069329951
PW-2,"1,900.00",0.22547026,0.068719982
PW-2,"1,920.00",0.22503281,0.068586653
PW-2,"1,940.00",0.22459537,0.068453328
PW-2,"1,960.00",0.23181321,0.070653219
PW-2,"1,980.00",0.23137577,0.070519893
PW-2,"2,000.00",0.23667979,0.07213648
PW-2,"2,020.00",0.23050088,0.07025324
PW-2,"2,040.00",0.2358049,0.071869826
PW-2,"2,060.00",0.24302275,0.07406972
PW-2,"2,080.00",0.24258531,0.073936394
PW-2,"2,100.00",0.23832021,0.072636455
PW-2,"2,120.00",0.24171042,0.073669741
PW-2,"2,140.00",0.24127297,0.073536413
PW-2,"2,160.00",0.24657699,0.075152999
PW-2,"2,180.00",0.24613955,0.075019674
PW-2,"2,200.00",0.24204944,0.073773069
PW-2,"2,220.00",0.24631453,0.075073005
PW-2,"2,240.00",0.2486658,0.075789637
PW-2,"2,260.00",0.24910324,0.075922963
PW-2,"2,280.00",0.24954069,0.076056291
PW-2,"2,300.00",0.24997813,0.076189616
PW-2,"2,320.00",0.25041558,0.076322944
PW-2,"2,340.00",0.25085302,0.076456269
PW-2,"2,360.00",0.25703194,0.078339512
PW-2,"2,380.00",0.25746938,0.078472838
PW-2,"2,400.00",0.25790683,0.078606166
PW-2,"2,420.00",0.25834427,0.078739491
PW-2,"2,440.00",0.25878172,0.078872819
PW-2,"2,460.00",0.25921916,0.079006144
PW-2,"2,480.00",0.25965661,0.079139473
PW-2,"2,500.00",0.26574804,0.08099605
PW-2,"2,520.00",0.26574804,0.08099605
PW-2,"2,540.00",0.26574804,0.08099605
PW-2,"2,560.00",0.26574804,0.08099605
PW-2,"2,580.00",0.26574804,0.08099605
PW-2,"2,600.00",0.27340333,0.083329269
PW-2,"2,620.00",0.27340333,0.083329269
PW-2,"2,640.00",0.27340333,0.083329269
PW-2,"2,660.00",0.27340333,0.083329269
PW-2,"2,680.00",0.2791448,0.085079183
PW-2,"2,700.00",0.2791448,0.085079183
PW-2,"2,720.00",0.27340333,0.083329269
PW-2,"2,740.00",0.2791448,0.085079183
PW-2,"2,760.00",0.2791448,0.085079183
PW-2,"2,780.00",0.2791448,0.085079183
PW-2,"2,800.00",0.28488627,0.086829098
PW-2,"2,820.00",0.2791448,0.085079183
PW-2,"2,840.00",0.28488627,0.086829098
PW-2,"2,860.00",0.28488627,0.086829098
PW-2,"2,880.00",0.28488627,0.086829098
PW-2,"2,900.00",0.28488627,0.086829098
PW-2,"2,920.00",0.29062774,0.088579012
PW-2,"2,940.00",0.29062774,0.088579012
PW-2,"2,960.00",0.29062774,0.088579012
PW-2,"2,980.00",0.29062774,0.088579012
PW-2,"3,000.00",0.29062774,0.088579012
PW-2,"3,020.00",0.29062774,0.088579012
PW-2,"3,040.00",0.29062774,0.088579012
PW-2,"3,060.00",0.29062774,0.088579012
PW-2,"3,080.00",0.29062774,0.088579012
PW-2,"3,100.00",0.29054025,0.088552347
PW-2,"3,120.00",0.29010281,0.088419022
PW-2,"3,140.00",0.29540683,0.090035608
PW-2,"3,160.00",0.29496938,0.08990228
PW-2,"3,180.00",0.29453194,0.089768955
PW-2,"3,200.00",0.29409449,0.089635626
PW-2,"3,220.00",0.29939852,0.091252216
PW-2,"3,240.00",0.2932196,0.089368973
PW-2,"3,260.00",0.29852363,0.090985562
PW-2,"3,280.00",0.29808618,0.090852234
PW-2,"3,300.00",0.29764874,0.090718909
PW-2,"3,320.00",0.29721129,0.090585581
PW-2,"3,340.00",0.29677385,0.090452255
PW-2,"3,360.00",0.2963364,0.090318927
PW-2,"3,380.00",0.29589896,0.090185602
PW-2,"3,400.00",0.30137796,0.09185552
PW-2,"3,420.00",0.3018154,0.091988845
PW-2,"3,440.00",0.29651138,0.090372258
PW-2,"3,460.00",0.30269029,0.092255498
PW-2,"3,480.00",0.30312774,0.092388827
PW-2,"3,500.00",0.30356519,0.092522155
PW-2,"3,520.00",0.30400263,0.09265548
PW-2,"3,540.00",0.30444008,0.092788808
PW-2,"3,560.00",0.31061899,0.094672048
PW-2,"3,580.00",0.31105644,0.094805376
PW-2,"3,600.00",0.31149388,0.094938702
PW-2,"3,620.00",0.31193133,0.09507203
PW-2,"3,640.00",0.31236877,0.095205355
PW-2,"3,660.00",0.31280622,0.095338683
PW-2,"3,680.00",0.31898513,0.097221923
PW-2,"3,700.00",0.31350613,0.095552005
PW-2,"3,720.00",0.31306869,0.09541868
PW-2,"3,740.00",0.31837271,0.097035267
PW-2,"3,760.00",0.31793526,0.096901938
PW-2,"3,780.00",0.31749782,0.096768613
PW-2,"3,800.00",0.3113189,0.09488537
PW-2,"3,820.00",0.31662293,0.09650196
PW-2,"3,840.00",0.31618548,0.096368632
PW-2,"3,860.00",0.31574804,0.096235306
PW-2,"3,880.00",0.31531059,0.096101978
PW-2,"3,900.00",0.31487315,0.095968653
PW-2,"3,920.00",0.322091,0.098168546
PW-2,"3,940.00",0.32165355,0.098035218
PW-2,"3,960.00",0.3212161,0.09790189
PW-2,"3,980.00",0.32077866,0.097768564
PW-2,"4,000.00",0.32051619,0.097688568
PW-2,"4,020.00",0.32095364,0.097821896
PW-2,"4,040.00",0.32139108,0.097955221
PW-2,"4,060.00",0.32757,0.099838464
PW-2,"4,080.00",0.32226597,0.098221874
PW-2,"4,100.00",0.32844489,0.100105117
PW-2,"4,120.00",0.32888233,0.100238443
PW-2,"4,140.00",0.32931978,0.100371771
PW-2,"4,160.00",0.32975722,0.100505096
PW-2,"4,180.00",0.33019467,0.100638424
PW-2,"4,200.00",0.33063212,0.100771753
PW-2,"4,220.00",0.33106956,0.100905078
PW-2,"4,240.00",0.33150701,0.101038406
PW-2,"4,260.00",0.33194445,0.101171731
PW-2,"4,280.00",0.3323819,0.101305059
PW-2,"4,300.00",0.33283028,0.101441719
PW-2,"4,320.00",0.3333224,0.10159171
PW-2,"4,340.00",0.339556,0.103491618
PW-2,"4,360.00",0.33430666,0.101891698
PW-2,"4,380.00",0.34054025,0.103791603
PW-2,"4,400.00",0.34103238,0.103941597
PW-2,"4,420.00",0.3415245,0.104091588
PW-2,"4,440.00",0.34201663,0.104241582
PW-2,"4,460.00",0.34250876,0.104391576
PW-2,"4,480.00",0.34874235,0.106291481
PW-2,"4,500.00",0.34923448,0.106441475
PW-2,"4,520.00",0.3497266,0.106591466
PW-2,"4,540.00",0.34447726,0.104991545
PW-2,"4,560.00",0.34496939,0.105141539
PW-2,"4,580.00",0.34546151,0.10529153
PW-2,"4,600.00",0.34585521,0.105411524
PW-2,"4,620.00",0.35159668,0.107161439
PW-2,"4,640.00",0.35159668,0.107161439
PW-2,"4,660.00",0.35159668,0.107161439
PW-2,"4,680.00",0.35159668,0.107161439
PW-2,"4,700.00",0.35159668,0.107161439
PW-2,"4,720.00",0.35159668,0.107161439
PW-2,"4,740.00",0.35159668,0.107161439
PW-2,"4,760.00",0.35159668,0.107161439
PW-2,"4,780.00",0.35159668,0.107161439
PW-2,"4,800.00",0.35733815,0.108911353
PW-2,"4,820.00",0.35733815,0.108911353
PW-2,"4,840.00",0.35159668,0.107161439
PW-2,"4,860.00",0.35733815,0.108911353
PW-2,"4,880.00",0.35733815,0.108911353
PW-2,"4,900.00",0.35723973,0.108881356
PW-2,"4,920.00",0.3567476,0.108731362
PW-2,"4,940.00",0.35625548,0.108581372
PW-2,"4,960.00",0.36150482,0.110181292
PW-2,"4,980.00",0.35527122,0.108281384
PW-2,"5,000.00",0.36052057,0.109881308
PW-2,"5,020.00",0.36002844,0.109731314
PW-2,"5,040.00",0.35953632,0.109581323
PW-2,"5,060.00",0.35904419,0.109431329
PW-2,"5,080.00",0.35855206,0.109281335
PW-2,"5,100.00",0.35805994,0.109131344
PW-2,"5,120.00",0.35756781,0.10898135
PW-2,"5,140.00",0.35707569,0.108831359
PW-2,"5,160.00",0.35658356,0.108681365
PW-2,"5,180.00",0.35609143,0.108531372
PW-2,"5,200.00",0.35579616,0.108441378
PW-2,"5,220.00",0.36202975,0.110341283
PW-2,"5,240.00",0.36252188,0.110491277
PW-2,"5,260.00",0.36301401,0.110641271
PW-2,"5,280.00",0.36350613,0.110791262
PW-2,"5,300.00",0.36399826,0.110941256
PW-2,"5,320.00",0.36449038,0.111091247
PW-2,"5,340.00",0.36498251,0.11124124
PW-2,"5,360.00",0.36547464,0.111391234
PW-2,"5,380.00",0.36596676,0.111541225
PW-2,"5,400.00",0.36645889,0.111691219
PW-1,0,0,0
PW-1,18,-0.00574147,-0.001749915
PW-1,38,-0.00574147,-0.001749915
PW-1,58,-0.00574147,-0.001749915
PW-1,78,0,0
PW-1,98,-0.00004374,-1.33313E-05
PW-1,118,-0.00622266,-0.001896574
PW-1,138,-0.00091863,-0.000279985
PW-1,158,-0.00135608,-0.000413313
PW-1,178,-0.00753499,-0.002296553
PW-1,198,-0.00797244,-0.002429881
PW-1,218,-0.00266842,-0.000813295
PW-1,238,-0.00884733,-0.002696535
PW-1,258,-0.00354331,-0.001079948
PW-1,278,-0.00972222,-0.002963188
PW-1,298,-0.01015967,-0.003096516
PW-1,318,-0.00485564,-0.001479927
PW-1,338,-0.00529309,-0.001613255
PW-1,358,-0.00573053,-0.00174658
PW-1,378,-0.00616798,-0.001879909
PW-1,398,-0.00646872,-0.00197157
PW-1,418,-0.00553915,-0.001688251
PW-1,438,0.00304571,0.000928287
PW-1,458,0.00397529,0.001211609
PW-1,478,0.00490486,0.001494928
PW-1,498,0.0115759,0.003528162
PW-1,518,0.01250547,0.003811481
PW-1,538,0.00769357,0.002344886
PW-1,558,0.00862314,0.002628205
PW-1,578,0.01529418,0.004661439
PW-1,598,0.01622375,0.004944758
PW-1,618,0.01715333,0.00522808
PW-1,638,0.0180829,0.005511399
PW-1,658,0.02475394,0.007544633
PW-1,678,0.03142498,0.009577867
PW-1,698,0.02652012,0.008082938
PW-1,718,0.03226159,0.009832853
PW-1,738,0.02652012,0.008082938
PW-1,758,0.03226159,0.009832853
PW-1,778,0.03226159,0.009832853
PW-1,798,0.03226159,0.009832853
PW-1,818,0.03800306,0.011582767
PW-1,838,0.03800306,0.011582767
PW-1,858,0.03800306,0.011582767
PW-1,878,0.03800306,0.011582767
PW-1,898,0.04565836,0.013915989
PW-1,918,0.05139983,0.015665904
PW-1,938,0.04565836,0.013915989
PW-1,958,0.05139983,0.015665904
PW-1,978,0.05139983,0.015665904
PW-1,998,0.05135061,0.015650902
PW-1,"1,018.00",0.05085849,0.015500911
PW-1,"1,038.00",0.05610783,0.017100832
PW-1,"1,058.00",0.05561571,0.016950841
PW-1,"1,078.00",0.05512358,0.016800847
PW-1,"1,098.00",0.06037292,0.018400768
PW-1,"1,118.00",0.0598808,0.018250777
PW-1,"1,138.00",0.06704397,0.020434005
PW-1,"1,158.00",0.06655184,0.020284011
PW-1,"1,178.00",0.06605971,0.020134017
PW-1,"1,198.00",0.07130906,0.021733941
PW-1,"1,218.00",0.07081693,0.021583947
PW-1,"1,238.00",0.07032481,0.021433956
PW-1,"1,258.00",0.07557415,0.023033877
PW-1,"1,278.00",0.07508202,0.022883883
PW-1,"1,298.00",0.08042979,0.024513804
PW-1,"1,318.00",0.08092192,0.024663798
PW-1,"1,338.00",0.08141405,0.024813792
PW-1,"1,358.00",0.08764764,0.026713697
PW-1,"1,378.00",0.08813977,0.026863691
PW-1,"1,398.00",0.08863189,0.027013682
PW-1,"1,418.00",0.09677931,0.029496894
PW-1,"1,438.00",0.09727144,0.029646888
PW-1,"1,458.00",0.09776356,0.029796879
PW-1,"1,478.00",0.10399716,0.031696788
PW-1,"1,498.00",0.10448929,0.031846781
PW-1,"1,518.00",0.10498141,0.031996772
PW-1,"1,538.00",0.11121501,0.033896681
PW-1,"1,558.00",0.1174486,0.035796586
PW-1,"1,578.00",0.11794073,0.03594658
PW-1,"1,598.00",0.11838364,0.036081573
PW-1,"1,618.00",0.12603894,0.038414794
PW-1,"1,638.00",0.12603894,0.038414794
PW-1,"1,658.00",0.12603894,0.038414794
PW-1,"1,678.00",0.13178041,0.040164709
PW-1,"1,698.00",0.13752188,0.041914624
PW-1,"1,718.00",0.13752188,0.041914624
PW-1,"1,738.00",0.13752188,0.041914624
PW-1,"1,758.00",0.14326335,0.043664538
PW-1,"1,778.00",0.14326335,0.043664538
PW-1,"1,798.00",0.14326335,0.043664538
PW-1,"1,818.00",0.15666011,0.047747671
PW-1,"1,838.00",0.15091864,0.045997757
PW-1,"1,858.00",0.15666011,0.047747671
PW-1,"1,878.00",0.15666011,0.047747671
PW-1,"1,898.00",0.16235784,0.049484255
PW-1,"1,918.00",0.16766186,0.051100841
PW-1,"1,938.00",0.16148295,0.049217601
PW-1,"1,958.00",0.16678697,0.050834188
PW-1,"1,978.00",0.16634953,0.050700863
PW-1,"1,998.00",0.16591208,0.050567534
PW-1,"2,018.00",0.1712161,0.052184121
PW-1,"2,038.00",0.17843395,0.054384014
PW-1,"2,058.00",0.17799651,0.054250689
PW-1,"2,078.00",0.17755906,0.054117361
PW-1,"2,098.00",0.18286309,0.05573395
PW-1,"2,118.00",0.18242564,0.055600622
PW-1,"2,138.00",0.18772967,0.057217211
PW-1,"2,158.00",0.18155075,0.055333968
PW-1,"2,178.00",0.18685478,0.056950558
PW-1,"2,198.00",0.19224629,0.05859381
PW-1,"2,218.00",0.19268373,0.058727135
PW-1,"2,238.00",0.19312118,0.058860463
PW-1,"2,258.00",0.20121392,0.06132701
PW-1,"2,278.00",0.20165136,0.061460335
PW-1,"2,298.00",0.20208881,0.061593664
PW-1,"2,318.00",0.20826772,0.063476903
PW-1,"2,338.00",0.20870517,0.063610232
PW-1,"2,358.00",0.20914261,0.063743557
PW-1,"2,378.00",0.21532153,0.0656268
PW-1,"2,398.00",0.22150045,0.067510043
PW-1,"2,418.00",0.22193789,0.067643368
PW-1,"2,438.00",0.22237534,0.067776696
PW-1,"2,458.00",0.22281278,0.067910021
PW-1,"2,478.00",0.23664699,0.072126483
PW-1,"2,498.00",0.2293854,0.069913258
PW-1,"2,518.00",0.23704069,0.072246477
PW-1,"2,538.00",0.23704069,0.072246477
PW-1,"2,558.00",0.24278216,0.073996391
PW-1,"2,578.00",0.24278216,0.073996391
PW-1,"2,598.00",0.24278216,0.073996391
PW-1,"2,618.00",0.24852363,0.075746306
PW-1,"2,638.00",0.24852363,0.075746306
PW-1,"2,658.00",0.24852363,0.075746306
PW-1,"2,678.00",0.24852363,0.075746306
PW-1,"2,698.00",0.24852363,0.075746306
PW-1,"2,718.00",0.2542651,0.077496221
PW-1,"2,738.00",0.2542651,0.077496221
PW-1,"2,758.00",0.26192039,0.079829439
PW-1,"2,778.00",0.2542651,0.077496221
PW-1,"2,798.00",0.26192039,0.079829439
PW-1,"2,818.00",0.26192039,0.079829439
PW-1,"2,838.00",0.26766186,0.081579354
PW-1,"2,858.00",0.26766186,0.081579354
PW-1,"2,878.00",0.27340333,0.083329269
PW-1,"2,898.00",0.27340333,0.083329269
PW-1,"2,918.00",0.2791448,0.085079183
PW-1,"2,938.00",0.2791448,0.085079183
PW-1,"2,958.00",0.2791448,0.085079183
PW-1,"2,978.00",0.2791448,0.085079183
PW-1,"2,998.00",0.28488627,0.086829098
PW-1,"3,018.00",0.28488627,0.086829098
PW-1,"3,038.00",0.28488627,0.086829098
PW-1,"3,058.00",0.28488627,0.086829098
PW-1,"3,078.00",0.2791448,0.085079183
PW-1,"3,098.00",0.29823929,0.0908989
PW-1,"3,118.00",0.29206038,0.08901566
PW-1,"3,138.00",0.2973644,0.090632246
PW-1,"3,158.00",0.29692696,0.090498921
PW-1,"3,178.00",0.30223098,0.092115507
PW-1,"3,198.00",0.30179354,0.091982182
PW-1,"3,218.00",0.30135609,0.091848854
PW-1,"3,238.00",0.30091865,0.091715529
PW-1,"3,258.00",0.3004812,0.091582201
PW-1,"3,278.00",0.30578523,0.09319879
PW-1,"3,298.00",0.30534778,0.093065462
PW-1,"3,318.00",0.30491033,0.092932133
PW-1,"3,338.00",0.31212818,0.095132027
PW-1,"3,358.00",0.31169074,0.094998702
PW-1,"3,378.00",0.31125329,0.094865373
PW-1,"3,398.00",0.31664481,0.096508628
PW-1,"3,418.00",0.31708225,0.096641954
PW-1,"3,438.00",0.3175197,0.096775282
PW-1,"3,458.00",0.32369861,0.098658522
PW-1,"3,478.00",0.32413606,0.09879185
PW-1,"3,498.00",0.3245735,0.098925175
PW-1,"3,518.00",0.33075242,0.100808418
PW-1,"3,538.00",0.33118986,0.100941743
PW-1,"3,558.00",0.33162731,0.101075072
PW-1,"3,578.00",0.33206475,0.101208397
PW-1,"3,598.00",0.3325022,0.101341725
PW-1,"3,618.00",0.33868111,0.103224965
PW-1,"3,638.00",0.33911856,0.103358293
PW-1,"3,658.00",0.3472113,0.10582484
PW-1,"3,678.00",0.34764874,0.105958165
PW-1,"3,698.00",0.3479987,0.106064828
PW-1,"3,718.00",0.34756125,0.1059315
PW-1,"3,738.00",0.35286528,0.107548089
PW-1,"3,758.00",0.35242783,0.107414761
PW-1,"3,778.00",0.35199039,0.107281436
PW-1,"3,798.00",0.35155294,0.107148107
PW-1,"3,818.00",0.35685697,0.108764697
PW-1,"3,838.00",0.35641952,0.108631368
PW-1,"3,858.00",0.35598208,0.108498043
PW-1,"3,878.00",0.3612861,0.11011463
PW-1,"3,898.00",0.36084866,0.109981304
PW-1,"3,918.00",0.36041121,0.109847976
PW-1,"3,938.00",0.35997377,0.109714651
PW-1,"3,958.00",0.35953632,0.109581323
PW-1,"3,978.00",0.35909888,0.109447998
PW-1,"3,998.00",0.36640421,0.111674553
PW-1,"4,018.00",0.36684166,0.111807882
PW-1,"4,038.00",0.3672791,0.111941207
PW-1,"4,058.00",0.36771655,0.112074535
PW-1,"4,078.00",0.37389546,0.113957775
PW-1,"4,098.00",0.37433291,0.114091103
PW-1,"4,118.00",0.38051182,0.115974343
PW-1,"4,138.00",0.38669074,0.117857586
PW-1,"4,158.00",0.38138671,0.116240997
PW-1,"4,178.00",0.38756563,0.11812424
PW-1,"4,198.00",0.38800308,0.118257568
PW-1,"4,218.00",0.38844052,0.118390893
PW-1,"4,238.00",0.38887797,0.118524221
PW-1,"4,258.00",0.38931541,0.118657546
PW-1,"4,278.00",0.38975286,0.118790875
PW-1,"4,298.00",0.39593724,0.120675782
PW-1,"4,318.00",0.39642937,0.120825776
PW-1,"4,338.00",0.40457679,0.123308988
PW-1,"4,358.00",0.39741362,0.12112576
PW-1,"4,378.00",0.40556104,0.123608973
PW-1,"4,398.00",0.40605316,0.123758964
PW-1,"4,418.00",0.41228676,0.125658872
PW-1,"4,438.00",0.41277889,0.125808866
PW-1,"4,458.00",0.41327101,0.125958857
PW-1,"4,478.00",0.41376314,0.126108851
PW-1,"4,498.00",0.41425526,0.126258842
PW-1,"4,518.00",0.41474739,0.126408836
PW-1,"4,538.00",0.42098099,0.128308744
PW-1,"4,558.00",0.42147311,0.128458735
PW-1,"4,578.00",0.42196524,0.128608729
PW-1,"4,598.00",0.42240815,0.128743721
PW-1,"4,618.00",0.42814962,0.130493636
PW-1,"4,638.00",0.42814962,0.130493636
PW-1,"4,658.00",0.42814962,0.130493636
PW-1,"4,678.00",0.43580491,0.132826855
PW-1,"4,698.00",0.42814962,0.130493636
PW-1,"4,718.00",0.43580491,0.132826855
PW-1,"4,738.00",0.43580491,0.132826855
PW-1,"4,758.00",0.43580491,0.132826855
PW-1,"4,778.00",0.43580491,0.132826855
PW-1,"4,798.00",0.44154638,0.134576769
PW-1,"4,818.00",0.43580491,0.132826855
PW-1,"4,838.00",0.44154638,0.134576769
PW-1,"4,858.00",0.43580491,0.132826855
PW-1,"4,878.00",0.44154638,0.134576769
PW-1,"4,898.00",0.44149717,0.134561771
PW-1,"4,918.00",0.44100505,0.13441178
PW-1,"4,938.00",0.44051292,0.134261786
PW-1,"4,958.00",0.44576226,0.135861707
PW-1,"4,978.00",0.44527014,0.135711716
PW-1,"4,998.00",0.44477801,0.135561722
PW-1,"5,018.00",0.45002736,0.137161646
PW-1,"5,038.00",0.44953523,0.137011652
PW-1,"5,058.00",0.45478457,0.138611573
PW-1,"5,078.00",0.45429245,0.138461582
PW-1,"5,098.00",0.44805885,0.136561673
PW-1,"5,118.00",0.4533082,0.138161597
PW-1,"5,138.00",0.45281607,0.138011603
PW-1,"5,158.00",0.45997924,0.140194831
PW-1,"5,178.00",0.45948711,0.140044837
PW-1,"5,198.00",0.45909341,0.139924843
PW-1,"5,218.00",0.46532701,0.141824752
PW-1,"5,238.00",0.46007766,0.140224828
PW-1,"5,258.00",0.46631126,0.142124736
PW-1,"5,278.00",0.46680338,0.142274727
PW-1,"5,298.00",0.46155404,0.140674806
PW-1,"5,318.00",0.46778764,0.142574715
PW-1,"5,338.00",0.46827976,0.142724706
PW-1,"5,358.00",0.46877189,0.1428747
PW-1,"5,378.00",0.47500548,0.144774605
PW-1,"5,398.00",0.47549761,0.144924599
PW-1,"5,418.00",0.47598974,0.145074593
PMW-14,0,0,0
PMW-14,9,0.00328084,0.000999951
PMW-14,29,-0.0082021,-0.002499878
PMW-14,49,0.00574147,0.001749915
PMW-14,69,0.01968504,0.005999707
PMW-14,89,0.05331365,0.016249208
PMW-14,109,0.09486002,0.028911923
PMW-14,129,0.12805119,0.039028098
PMW-14,149,0.20061243,0.061143685
PMW-14,169,0.17556869,0.053510725
PMW-14,189,0.21450132,0.065376812
PMW-14,209,0.29854551,0.090992231
PMW-14,229,0.28908575,0.088109037
PMW-14,249,0.32719818,0.099725139
PMW-14,269,0.30461506,0.09284214
PMW-14,289,0.34928916,0.106458141
PMW-14,309,0.36033466,0.109824645
PMW-14,329,0.38204288,0.116440988
PMW-14,349,0.40949258,0.124807248
PMW-14,369,0.49927823,0.152172578
PMW-14,389,0.45372924,0.138289924
PMW-14,409,0.45992182,0.14017733
PMW-14,429,0.47561518,0.144960433
PMW-14,449,0.48720748,0.148493593
PMW-14,469,0.51110293,0.155776571
PMW-14,489,0.53417817,0.162809561
PMW-14,509,0.55233215,0.168342624
PMW-14,529,0.56392445,0.171875785
PMW-14,549,0.58207843,0.177408848
PMW-14,569,0.59449094,0.181191996
PMW-14,589,0.60116199,0.183225233
PMW-14,609,0.6299787,0.192008138
PMW-14,629,0.64239121,0.195791286
PMW-14,649,0.65972498,0.201074361
PMW-14,669,0.67213749,0.20485751
PMW-14,689,0.68372979,0.208390671
PMW-14,709,0.70291997,0.214239552
PMW-14,729,0.70866144,0.215989467
PMW-14,749,0.72342522,0.220489247
PMW-14,769,0.73080711,0.222739137
PMW-14,789,0.75377299,0.229738796
PMW-14,809,0.75377299,0.229738796
PMW-14,829,0.77017719,0.234738552
PMW-14,849,0.78001971,0.237738406
PMW-14,869,0.79314307,0.241738211
PMW-14,889,0.8038058,0.244988052
PMW-14,909,0.82103021,0.250237796
PMW-14,929,0.82513126,0.251487735
PMW-14,949,0.83251315,0.253737626
PMW-14,969,0.84317588,0.256987467
PMW-14,989,0.85465882,0.260487297
PMW-14,"1,009.00",0.86582188,0.263889631
PMW-14,"1,029.00",0.87599248,0.266989479
PMW-14,"1,049.00",0.88124183,0.268589403
PMW-14,"1,069.00",0.88649117,0.270189323
PMW-14,"1,089.00",0.90814472,0.276789003
PMW-14,"1,109.00",0.90765259,0.276639009
PMW-14,"1,129.00",0.91290193,0.27823893
PMW-14,"1,149.00",0.92963422,0.283338683
PMW-14,"1,169.00",0.92340062,0.281438775
PMW-14,"1,189.00",0.9393127,0.28628854
PMW-14,"1,209.00",0.94456204,0.287888461
PMW-14,"1,229.00",0.94981138,0.289488382
PMW-14,"1,249.00",0.9608022,0.29283822
PMW-14,"1,269.00",0.96605154,0.294438141
PMW-14,"1,289.00",0.97622215,0.297537991
PMW-14,"1,309.00",0.98211125,0.299332902
PMW-14,"1,329.00",0.98834485,0.30123281
PMW-14,"1,349.00",0.99457845,0.303132719
PMW-14,"1,369.00",1.0057333,0.306532551
PMW-14,"1,389.00",1.0119669,0.30843246
PMW-14,"1,409.00",1.01245902,0.30858245
PMW-14,"1,429.00",1.01869262,0.310482359
PMW-14,"1,449.00",1.03066769,0.314132182
PMW-14,"1,469.00",1.04264275,0.317782002
PMW-14,"1,489.00",1.04805614,0.319431923
PMW-14,"1,509.00",1.05428973,0.321331829
PMW-14,"1,529.00",1.06052333,0.323231737
PMW-14,"1,549.00",1.06675693,0.325131646
PMW-14,"1,569.00",1.06724905,0.325281637
PMW-14,"1,589.00",1.07922412,0.32893146
PMW-14,"1,609.00",1.07939636,0.328983956
PMW-14,"1,629.00",1.08431762,0.330483883
PMW-14,"1,649.00",1.09005909,0.332233798
PMW-14,"1,669.00",1.09005909,0.332233798
PMW-14,"1,689.00",1.09580056,0.333983712
PMW-14,"1,709.00",1.10154203,0.335733627
PMW-14,"1,729.00",1.1072835,0.337483542
PMW-14,"1,749.00",1.11794623,0.340733383
PMW-14,"1,769.00",1.11794623,0.340733383
PMW-14,"1,789.00",1.11794623,0.340733383
PMW-14,"1,809.00",1.1236877,0.342483298
PMW-14,"1,829.00",1.12942917,0.344233212
PMW-14,"1,849.00",1.14091211,0.347733042
PMW-14,"1,869.00",1.14091211,0.347733042
PMW-14,"1,889.00",1.14091211,0.347733042
PMW-14,"1,909.00",1.14636924,0.349396294
PMW-14,"1,929.00",1.1459318,0.349262969
PMW-14,"1,949.00",1.15615708,0.352379482
PMW-14,"1,969.00",1.15571964,0.352246157
PMW-14,"1,989.00",1.15528219,0.352112828
PMW-14,"2,009.00",1.15484475,0.351979503
PMW-14,"2,029.00",1.16014877,0.35359609
PMW-14,"2,049.00",1.1654528,0.355212679
PMW-14,"2,069.00",1.16501535,0.355079351
PMW-14,"2,089.00",1.15883643,0.353196108
PMW-14,"2,109.00",1.16988193,0.356562612
PMW-14,"2,129.00",1.16944448,0.356429284
PMW-14,"2,149.00",1.17474851,0.358045873
PMW-14,"2,169.00",1.17431106,0.357912545
PMW-14,"2,189.00",1.17387362,0.35777922
PMW-14,"2,209.00",1.18466758,0.361069058
PMW-14,"2,229.00",1.18510503,0.361202386
PMW-14,"2,249.00",1.19702541,0.364835541
PMW-14,"2,269.00",1.19746286,0.364968869
PMW-14,"2,289.00",1.1979003,0.365102194
PMW-14,"2,309.00",1.19833775,0.365235523
PMW-14,"2,329.00",1.20451666,0.367118763
PMW-14,"2,349.00",1.21069558,0.369002005
PMW-14,"2,369.00",1.21687449,0.370885245
PMW-14,"2,389.00",1.21157047,0.369268659
PMW-14,"2,409.00",1.21774939,0.371151902
PMW-14,"2,429.00",1.21818683,0.371285227
PMW-14,"2,449.00",1.22354554,0.372918482
PMW-14,"2,469.00",1.22972445,0.374801722
PMW-14,"2,489.00",1.2301619,0.37493505
PMW-14,"2,509.00",1.230315,0.374981713
PMW-14,"2,529.00",1.23605647,0.376731628
PMW-14,"2,549.00",1.230315,0.374981713
PMW-14,"2,569.00",1.24179794,0.378481542
PMW-14,"2,589.00",1.24179794,0.378481542
PMW-14,"2,609.00",1.24753941,0.380231457
PMW-14,"2,629.00",1.24753941,0.380231457
PMW-14,"2,649.00",1.25328088,0.381981372
PMW-14,"2,669.00",1.25328088,0.381981372
PMW-14,"2,689.00",1.25902235,0.383731286
PMW-14,"2,709.00",1.26394361,0.385231213
PMW-14,"2,729.00",1.25902235,0.383731286
PMW-14,"2,749.00",1.25902235,0.383731286
PMW-14,"2,769.00",1.26394361,0.385231213
PMW-14,"2,789.00",1.26394361,0.385231213
PMW-14,"2,809.00",1.26968508,0.386981128
PMW-14,"2,829.00",1.26968508,0.386981128
PMW-14,"2,849.00",1.26968508,0.386981128
PMW-14,"2,869.00",1.27542655,0.388731042
PMW-14,"2,889.00",1.28116802,0.390480957
PMW-14,"2,909.00",1.28116802,0.390480957
PMW-14,"2,929.00",1.28690949,0.392230872
PMW-14,"2,949.00",1.2795276,0.389980981
PMW-14,"2,969.00",1.28526907,0.391730896
PMW-14,"2,989.00",1.28690949,0.392230872
PMW-14,"3,009.00",1.29265096,0.393980786
PMW-14,"3,029.00",1.28526907,0.391730896
PMW-14,"3,049.00",1.28690949,0.392230872
PMW-14,"3,069.00",1.29675201,0.395230725
PMW-14,"3,089.00",1.29757222,0.395480713
PMW-14,"3,109.00",1.30302935,0.397143965
PMW-14,"3,129.00",1.30259191,0.39701064
PMW-14,"3,149.00",1.30215446,0.396877312
PMW-14,"3,169.00",1.29597555,0.394994072
PMW-14,"3,189.00",1.30045936,0.396360671
PMW-14,"3,209.00",1.30002192,0.396227345
PMW-14,"3,229.00",1.29466321,0.39459409
PMW-14,"3,249.00",1.29914703,0.395960692
PMW-14,"3,269.00",1.29870958,0.395827364
PMW-14,"3,289.00",1.29827213,0.395694035
PMW-14,"3,309.00",1.30931763,0.399060539
PMW-14,"3,329.00",1.30313871,0.397177297
PMW-14,"3,349.00",1.313364,0.400293813
PMW-14,"3,369.00",1.30800529,0.398660558
PMW-14,"3,389.00",1.30756785,0.398527233
PMW-14,"3,409.00",1.30769908,0.39856723
PMW-14,"3,429.00",1.31305779,0.400200485
PMW-14,"3,449.00",1.31349523,0.40033381
PMW-14,"3,469.00",1.31967415,0.402217053
PMW-14,"3,489.00",1.32011159,0.402350378
PMW-14,"3,509.00",1.32629051,0.404233621
PMW-14,"3,529.00",1.32672795,0.404366946
PMW-14,"3,549.00",1.3271654,0.404500274
PMW-14,"3,569.00",1.32760284,0.4046336
PMW-14,"3,589.00",1.33378176,0.406516842
PMW-14,"3,609.00",1.33996068,0.408400085
PMW-14,"3,629.00",1.34613959,0.410283325
PMW-14,"3,649.00",1.34657704,0.410416653
PMW-14,"3,669.00",1.34127301,0.408800064
PMW-14,"3,689.00",1.34171046,0.408933392
PMW-14,"3,709.00",1.34157922,0.408893392
PMW-14,"3,729.00",1.34688325,0.410509982
PMW-14,"3,749.00",1.3464458,0.410376653
PMW-14,"3,769.00",1.34600836,0.410243328
PMW-14,"3,789.00",1.35131238,0.411859915
PMW-14,"3,809.00",1.3557962,0.413226516
PMW-14,"3,829.00",1.35535875,0.413093188
PMW-14,"3,849.00",1.35492131,0.412959863
PMW-14,"3,869.00",1.36022533,0.414576449
PMW-14,"3,889.00",1.35404641,0.412693206
PMW-14,"3,909.00",1.36509191,0.41605971
PMW-14,"3,929.00",1.36465446,0.415926382
PMW-14,"3,949.00",1.36995849,0.417542972
PMW-14,"3,969.00",1.36952104,0.417409643
PMW-14,"3,989.00",1.36334213,0.415526404
PMW-14,"4,009.00",1.36347336,0.4155664
PMW-14,"4,029.00",1.36391081,0.415699729
PMW-14,"4,049.00",1.36434825,0.415833054
PMW-14,"4,069.00",1.35904423,0.414216468
PMW-14,"4,089.00",1.37096461,0.417849622
PMW-14,"4,109.00",1.37714353,0.419732865
PMW-14,"4,129.00",1.3718395,0.418116276
PMW-14,"4,149.00",1.37227695,0.418249604
PMW-14,"4,169.00",1.37845586,0.420132844
PMW-14,"4,189.00",1.37889331,0.420266172
PMW-14,"4,209.00",1.38015097,0.420649488
PMW-14,"4,229.00",1.38632988,0.422532728
PMW-14,"4,249.00",1.38020565,0.420666154
PMW-14,"4,269.00",1.3814633,0.421049467
PMW-14,"4,289.00",1.38764222,0.42293271
PMW-14,"4,309.00",1.37663226,0.419577037
PMW-14,"4,329.00",1.38286586,0.421476946
PMW-14,"4,349.00",1.38909946,0.423376855
PMW-14,"4,369.00",1.39369263,0.424776785
PMW-14,"4,389.00",1.39992623,0.426676693
PMW-14,"4,409.00",1.3963173,0.425576745
PMW-14,"4,429.00",1.39680943,0.425726739
PMW-14,"4,449.00",1.39730156,0.425876733
PMW-14,"4,469.00",1.39779368,0.426026724
PMW-14,"4,489.00",1.40402728,0.427926632
PMW-14,"4,509.00",1.40287898,0.427576647
PMW-14,"4,529.00",1.40501153,0.428226617
PMW-14,"4,549.00",1.40550366,0.428376611
PMW-14,"4,569.00",1.40599578,0.428526602
PMW-14,"4,589.00",1.41140917,0.430176522
PMW-14,"4,609.00",1.40666015,0.428729092
PMW-14,"4,629.00",1.41158141,0.430229019
PMW-14,"4,649.00",1.41158141,0.430229019
PMW-14,"4,669.00",1.40666015,0.428729092
PMW-14,"4,689.00",1.40666015,0.428729092
PMW-14,"4,709.00",1.41158141,0.430229019
PMW-14,"4,729.00",1.41158141,0.430229019
PMW-14,"4,749.00",1.41158141,0.430229019
PMW-14,"4,769.00",1.41732288,0.431978933
PMW-14,"4,789.00",1.41732288,0.431978933
PMW-14,"4,809.00",1.42306435,0.433728848
PMW-14,"4,829.00",1.40666015,0.428729092
PMW-14,"4,849.00",1.41732288,0.431978933
PMW-14,"4,869.00",1.41732288,0.431978933
PMW-14,"4,889.00",1.42306435,0.433728848
PMW-14,"4,909.00",1.417003,0.431881439
PMW-14,"4,929.00",1.42225234,0.433481359
PMW-14,"4,949.00",1.42176022,0.433331368
PMW-14,"4,969.00",1.42126809,0.433181375
PMW-14,"4,989.00",1.42651744,0.434781298
PMW-14,"5,009.00",1.42602531,0.434631304
PMW-14,"5,029.00",1.42553318,0.434481311
PMW-14,"5,049.00",1.42504106,0.43433132
PMW-14,"5,069.00",1.4302904,0.43593124
PMW-14,"5,089.00",1.42405681,0.434031335
PMW-14,"5,109.00",1.42930615,0.435631256
PMW-14,"5,129.00",1.42881402,0.435481262
PMW-14,"5,149.00",1.43406337,0.437081186
PMW-14,"5,169.00",1.43357124,0.436931192
PMW-14,"5,189.00",1.43800038,0.438281128
PMW-14,"5,209.00",1.43814801,0.438326123
PMW-14,"5,229.00",1.42797741,0.435226276
PMW-14,"5,249.00",1.43421101,0.437126184
PMW-14,"5,269.00",1.42896166,0.43552626
PMW-14,"5,289.00",1.43519526,0.437426169
PMW-14,"5,309.00",1.42994591,0.435826245
PMW-14,"5,329.00",1.43617951,0.437726154
PMW-14,"5,349.00",1.43093017,0.436126233
PMW-14,"5,369.00",1.43716376,0.438026138
PMW-14,"5,389.00",1.44831862,0.441425974
PMW-14,"5,409.00",1.44881074,0.441575965
PMW-4,0,0,0
PMW-4,12,0,0
PMW-4,42,0.00574147,0.001749915
PMW-4,72,0,0
PMW-4,102,-0.00395888,-0.001206608
PMW-4,132,-0.00461504,-0.001406596
PMW-4,162,0.0042979,0.001309936
PMW-4,192,0.00364174,0.001109948
PMW-4,222,0.01255468,0.00382648
PMW-4,252,0.0023294,0.000709966
PMW-4,282,0.00167323,0.000509976
PMW-4,312,0.00101706,0.000309985
PMW-4,342,0.0003609,0.000109997
PMW-4,372,-0.00029527,-8.99939E-05
PMW-4,402,0.00328631,0.001001618
PMW-4,432,0.00085302,0.000259988
PMW-4,462,-0.00349409,-0.001064947
PMW-4,492,0.00364174,0.001109948
PMW-4,522,0.00503609,0.001534925
PMW-4,552,-0.00313867,-0.00095662
PMW-4,582,-0.00174431,-0.00053164
PMW-4,612,0.00347769,0.001059948
PMW-4,642,0.01061352,0.003234843
PMW-4,672,0.00626641,0.001909909
PMW-4,702,0.01312336,0.003999805
PMW-4,732,0.00738189,0.00224989
PMW-4,762,0.00738189,0.00224989
PMW-4,792,0.00738189,0.00224989
PMW-4,822,0.00355425,0.001083283
PMW-4,852,0.00355425,0.001083283
PMW-4,882,0.01312336,0.003999805
PMW-4,912,0.00738189,0.00224989
PMW-4,942,0.01312336,0.003999805
PMW-4,972,0.01312336,0.003999805
PMW-4,"1,002.00",0.01297573,0.00395481
PMW-4,"1,032.00",0.00649607,0.001979906
PMW-4,"1,062.00",0.01149935,0.003504831
PMW-4,"1,092.00",0.01076116,0.003279842
PMW-4,"1,122.00",0.01385062,0.004221463
PMW-4,"1,152.00",0.00928478,0.002829863
PMW-4,"1,182.00",0.00854659,0.002604874
PMW-4,"1,212.00",0.01163605,0.003546495
PMW-4,"1,242.00",0.00707021,0.002154895
PMW-4,"1,272.00",0.01015967,0.003096516
PMW-4,"1,302.00",0.00014764,4.49985E-05
PMW-4,"1,332.00",0.01619642,0.004936428
PMW-4,"1,362.00",0.00736549,0.002244892
PMW-4,"1,392.00",0.00810368,0.002469881
PMW-4,"1,422.00",0.0031004,0.000944956
PMW-4,"1,452.00",0.00383859,0.001169945
PMW-4,"1,482.00",0.01031825,0.003144849
PMW-4,"1,512.00",0.00148732,0.000453313
PMW-4,"1,542.00",0.00605315,0.00184491
PMW-4,"1,572.00",0.01253281,0.003819814
PMW-4,"1,602.00",0.01312336,0.003999805
PMW-4,"1,632.00",0.01695101,0.005166416
PMW-4,"1,662.00",0.01695101,0.005166416
PMW-4,"1,692.00",0.01695101,0.005166416
PMW-4,"1,722.00",0.01695101,0.005166416
PMW-4,"1,752.00",0.02269248,0.00691633
PMW-4,"1,782.00",0.01695101,0.005166416
PMW-4,"1,812.00",0.01695101,0.005166416
PMW-4,"1,842.00",0.02269248,0.00691633
PMW-4,"1,872.00",0.02269248,0.00691633
PMW-4,"1,902.00",0.02256125,0.006876333
PMW-4,"1,932.00",0.01616361,0.004926428
PMW-4,"1,962.00",0.0289042,0.00880957
PMW-4,"1,992.00",0.02442039,0.007442972
PMW-4,"2,022.00",0.02376422,0.007242981
PMW-4,"2,052.00",0.0269357,0.008209601
PMW-4,"2,082.00",0.02627953,0.00800961
PMW-4,"2,112.00",0.02179572,0.006643011
PMW-4,"2,142.00",0.02113955,0.00644302
PMW-4,"2,172.00",0.02431103,0.00740964
PMW-4,"2,202.00",0.02008968,0.006123036
PMW-4,"2,232.00",0.03414261,0.01040616
PMW-4,"2,262.00",0.02522966,0.007689625
PMW-4,"2,292.00",0.0316273,0.009639531
PMW-4,"2,322.00",0.03228347,0.009839521
PMW-4,"2,352.00",0.02719817,0.008289598
PMW-4,"2,382.00",0.0335958,0.0102395
PMW-4,"2,412.00",0.03425197,0.010439491
PMW-4,"2,442.00",0.03873579,0.011806093
PMW-4,"2,472.00",0.02982284,0.009089558
PMW-4,"2,502.00",0.03034777,0.009249549
PMW-4,"2,532.00",0.03608924,0.010999464
PMW-4,"2,562.00",0.03034777,0.009249549
PMW-4,"2,592.00",0.03991689,0.012166074
PMW-4,"2,622.00",0.03608924,0.010999464
PMW-4,"2,652.00",0.03034777,0.009249549
PMW-4,"2,682.00",0.03608924,0.010999464
PMW-4,"2,712.00",0.04565836,0.013915989
PMW-4,"2,742.00",0.04565836,0.013915989
PMW-4,"2,772.00",0.04948601,0.0150826
PMW-4,"2,802.00",0.03991689,0.012166074
PMW-4,"2,832.00",0.04565836,0.013915989
PMW-4,"2,862.00",0.03991689,0.012166074
PMW-4,"2,892.00",0.05331365,0.016249208
PMW-4,"2,922.00",0.05905512,0.017999122
PMW-4,"2,952.00",0.05331365,0.016249208
PMW-4,"2,982.00",0.05331365,0.016249208
PMW-4,"3,012.00",0.05331365,0.016249208
PMW-4,"3,042.00",0.06288277,0.019165733
PMW-4,"3,072.00",0.05905512,0.017999122
PMW-4,"3,102.00",0.06275154,0.019125736
PMW-4,"3,132.00",0.04869861,0.014842612
PMW-4,"3,162.00",0.05187008,0.015809229
PMW-4,"3,192.00",0.05121392,0.015609241
PMW-4,"3,222.00",0.05629922,0.017159165
PMW-4,"3,252.00",0.04607393,0.014042649
PMW-4,"3,282.00",0.04924541,0.015009269
PMW-4,"3,312.00",0.05815836,0.017725803
PMW-4,"3,342.00",0.05750219,0.017525812
PMW-4,"3,372.00",0.06258749,0.019075736
PMW-4,"3,402.00",0.06219379,0.018955742
PMW-4,"3,432.00",0.06284996,0.019155733
PMW-4,"3,462.00",0.05393701,0.016439198
PMW-4,"3,492.00",0.06798994,0.020722322
PMW-4,"3,522.00",0.059077,0.018005791
PMW-4,"3,552.00",0.05973316,0.018205779
PMW-4,"3,582.00",0.0661308,0.020155684
PMW-4,"3,612.00",0.05721785,0.01743915
PMW-4,"3,642.00",0.06170167,0.018805751
PMW-4,"3,672.00",0.06235784,0.019005742
PMW-4,"3,702.00",0.06849301,0.020875651
PMW-4,"3,732.00",0.07166449,0.021842271
PMW-4,"3,762.00",0.07100832,0.02164228
PMW-4,"3,792.00",0.0665245,0.020275678
PMW-4,"3,822.00",0.07352363,0.022408909
PMW-4,"3,852.00",0.0594707,0.018125785
PMW-4,"3,882.00",0.06838365,0.020842319
PMW-4,"3,912.00",0.06772748,0.020642329
PMW-4,"3,942.00",0.07089896,0.021608948
PMW-4,"3,972.00",0.0798119,0.02432548
PMW-4,"4,002.00",0.06602144,0.020122353
PMW-4,"4,032.00",0.07050525,0.021488952
PMW-4,"4,062.00",0.07690289,0.023438857
PMW-4,"4,092.00",0.07755906,0.023638848
PMW-4,"4,122.00",0.06481847,0.019755706
PMW-4,"4,152.00",0.07312993,0.022288915
PMW-4,"4,182.00",0.06995845,0.021322295
PMW-4,"4,212.00",0.08018373,0.024438808
PMW-4,"4,242.00",0.06744314,0.020555666
PMW-4,"4,272.00",0.07192695,0.021922265
PMW-4,"4,302.00",0.07642717,0.023293865
PMW-4,"4,332.00",0.07716536,0.023518854
PMW-4,"4,362.00",0.07790355,0.023743843
PMW-4,"4,392.00",0.07864174,0.023968833
PMW-4,"4,422.00",0.07937993,0.024193822
PMW-4,"4,452.00",0.08585959,0.026168726
PMW-4,"4,482.00",0.07702866,0.02347719
PMW-4,"4,512.00",0.09690508,0.029535227
PMW-4,"4,542.00",0.0919018,0.028010302
PMW-4,"4,572.00",0.09263999,0.028235291
PMW-4,"4,602.00",0.09897201,0.030165197
PMW-4,"4,632.00",0.09323054,0.028415282
PMW-4,"4,662.00",0.08940289,0.027248671
PMW-4,"4,692.00",0.09897201,0.030165197
PMW-4,"4,722.00",0.09897201,0.030165197
PMW-4,"4,752.00",0.10279966,0.031331807
PMW-4,"4,782.00",0.09323054,0.028415282
PMW-4,"4,812.00",0.09897201,0.030165197
PMW-4,"4,842.00",0.10279966,0.031331807
PMW-4,"4,872.00",0.10279966,0.031331807
PMW-4,"4,902.00",0.10265202,0.031286809
PMW-4,"4,932.00",0.09234471,0.028145294
PMW-4,"4,962.00",0.09734799,0.029670219
PMW-4,"4,992.00",0.1042651,0.031778452
PMW-4,"5,022.00",0.09587162,0.029220244
PMW-4,"5,052.00",0.10278872,0.031328473
PMW-4,"5,082.00",0.09822288,0.029936873
PMW-4,"5,112.00",0.09365705,0.028545276
PMW-4,"5,142.00",0.09674651,0.029486897
PMW-4,"5,172.00",0.10557743,0.03217843
PMW-4,"5,202.00",0.0955654,0.029126913
PMW-4,"5,232.00",0.10013124,0.030518513
PMW-4,"5,262.00",0.10086943,0.030743502
PMW-4,"5,292.00",0.10160762,0.030968491
PMW-4,"5,322.00",0.10808728,0.032943395
PMW-4,"5,352.00",0.09925635,0.030251859
PMW-4,"5,382.00",0.10956366,0.033393374
PMW-4,"5,412.00",0.11030184,0.03361836
OW24P,0,0,0
OW24P,10,-0.01339677,-0.004083136
OW24P,40,-0.01339677,-0.004083136
OW24P,70,-0.00956912,-0.002916525
OW24P,100,-0.00391514,-0.001193276
OW24P,130,-0.00074366,-0.000226657
OW24P,160,-0.00522748,-0.001593258
OW24P,190,-0.01545276,-0.004709771
OW24P,220,-0.00653981,-0.001993237
OW24P,250,-0.01293745,-0.003943142
OW24P,280,-0.0040245,-0.001226608
OW24P,310,-0.00850832,-0.002593209
OW24P,340,0.00040463,0.000123325
OW24P,370,-0.00982065,-0.002993188
OW24P,400,-0.01020342,-0.003109851
OW24P,430,-0.01837818,-0.005601396
OW24P,460,-0.0074147,-0.00225989
OW24P,490,-0.01176182,-0.003584828
OW24P,520,-0.01036746,-0.003159848
OW24P,550,-0.0089731,-0.002734867
OW24P,580,-0.00757874,-0.002309887
OW24P,610,-0.00618439,-0.00188491
OW24P,640,-0.00479003,-0.00145993
OW24P,670,0.0023458,0.000714965
OW24P,700,0.00355424,0.001083279
OW24P,730,0.00355424,0.001083279
OW24P,760,0.01312336,0.003999805
OW24P,790,-0.00601488,-0.001833246
OW24P,820,0.00355424,0.001083279
OW24P,850,-0.00218723,-0.000666635
OW24P,880,0.00355424,0.001083279
OW24P,910,0.00738189,0.00224989
OW24P,940,0.00355424,0.001083279
OW24P,970,-0.00218723,-0.000666635
OW24P,"1,000.00",-0.00228566,-0.000696635
OW24P,"1,030.00",-0.00302384,-0.000921621
OW24P,"1,060.00",0.01154855,0.003519826
OW24P,"1,090.00",-0.00450022,-0.0013716
OW24P,"1,120.00",-0.00906606,-0.0027632
OW24P,"1,150.00",0.00359252,0.001094947
OW24P,"1,180.00",0.00285433,0.000869957
OW24P,"1,210.00",-0.00171151,-0.000521643
OW24P,"1,240.00",-0.00819117,-0.002496547
OW24P,"1,270.00",0.00063976,0.000194989
OW24P,"1,300.00",-0.0094707,-0.002886528
OW24P,"1,330.00",0.00083661,0.000254986
OW24P,"1,360.00",-0.00225285,-0.000686635
OW24P,"1,390.00",-0.00725613,-0.00221156
OW24P,"1,420.00",-0.00651794,-0.001986571
OW24P,"1,450.00",0.00378937,0.001154944
OW24P,"1,480.00",-0.00504156,-0.001536593
OW24P,"1,510.00",0.01100721,0.003354834
OW24P,"1,540.00",0.00217629,0.000663301
OW24P,"1,570.00",0.00291448,0.00088829
OW24P,"1,600.00",0.01312336,0.003999805
OW24P,"1,630.00",-0.00218723,-0.000666635
OW24P,"1,660.00",0.00738189,0.00224989
OW24P,"1,690.00",-0.00218723,-0.000666635
OW24P,"1,720.00",0.01312336,0.003999805
OW24P,"1,750.00",0.01312336,0.003999805
OW24P,"1,780.00",0.00355424,0.001083279
OW24P,"1,810.00",0.00738189,0.00224989
OW24P,"1,840.00",0.00355424,0.001083279
OW24P,"1,870.00",0.016951,0.005166413
OW24P,"1,900.00",0.01303587,0.003973139
OW24P,"1,930.00",0.0123797,0.003773148
OW24P,"1,960.00",0.00598206,0.001823243
OW24P,"1,990.00",0.00532589,0.001623252
OW24P,"2,020.00",0.00084208,0.000256653
OW24P,"2,050.00",0.00401356,0.001223273
OW24P,"2,080.00",0.00335739,0.001023283
OW24P,"2,110.00",0.00844269,0.002573206
OW24P,"2,140.00",0.00204505,0.000623301
OW24P,"2,170.00",0.00138888,0.00042331
OW24P,"2,200.00",-0.00291995,-0.000889957
OW24P,"2,230.00",-0.00800525,-0.002439881
OW24P,"2,260.00",0.00222003,0.000676632
OW24P,"2,290.00",0.00861767,0.002626538
OW24P,"2,320.00",0.00927384,0.002826528
OW24P,"2,350.00",0.00993001,0.003026519
OW24P,"2,380.00",0.01441382,0.004393118
OW24P,"2,410.00",0.01124234,0.003426498
OW24P,"2,440.00",0.01189851,0.003626489
OW24P,"2,470.00",0.01255468,0.00382648
OW24P,"2,500.00",0.02077865,0.006333023
OW24P,"2,530.00",0.016951,0.005166413
OW24P,"2,560.00",0.016951,0.005166413
OW24P,"2,590.00",0.02652012,0.008082938
OW24P,"2,620.00",0.02077865,0.006333023
OW24P,"2,650.00",0.01312336,0.003999805
OW24P,"2,680.00",0.016951,0.005166413
OW24P,"2,710.00",0.01312336,0.003999805
OW24P,"2,740.00",0.016951,0.005166413
OW24P,"2,770.00",0.016951,0.005166413
OW24P,"2,800.00",0.016951,0.005166413
OW24P,"2,830.00",0.01312336,0.003999805
OW24P,"2,860.00",0.016951,0.005166413
OW24P,"2,890.00",0.01312336,0.003999805
OW24P,"2,920.00",0.016951,0.005166413
OW24P,"2,950.00",0.01312336,0.003999805
OW24P,"2,980.00",0.01312336,0.003999805
OW24P,"3,010.00",0.016951,0.005166413
OW24P,"3,040.00",0.016951,0.005166413
OW24P,"3,070.00",0.016951,0.005166413
OW24P,"3,100.00",0.01303587,0.003973139
OW24P,"3,130.00",0.02003499,0.006106367
OW24P,"3,160.00",0.01555118,0.004739768
OW24P,"3,190.00",0.01106736,0.003373167
OW24P,"3,220.00",0.01423884,0.004339787
OW24P,"3,250.00",0.01358267,0.004139796
OW24P,"3,280.00",0.00909886,0.002773197
OW24P,"3,310.00",0.00270122,0.000823292
OW24P,"3,340.00",0.01161417,0.003539826
OW24P,"3,370.00",0.00713035,0.002173225
OW24P,"3,400.00",0.01047681,0.003193176
OW24P,"3,430.00",0.00730533,0.002226556
OW24P,"3,460.00",0.00222003,0.000676632
OW24P,"3,490.00",0.00861767,0.002626538
OW24P,"3,520.00",0.00927384,0.002826528
OW24P,"3,550.00",0.00993001,0.003026519
OW24P,"3,580.00",0.0048447,0.001476593
OW24P,"3,610.00",0.00167322,0.000509973
OW24P,"3,640.00",0.01189851,0.003626489
OW24P,"3,670.00",0.01255468,0.00382648
OW24P,"3,700.00",0.01686351,0.005139747
OW24P,"3,730.00",0.02003499,0.006106367
OW24P,"3,760.00",0.01172353,0.003573158
OW24P,"3,790.00",0.01489501,0.004539778
OW24P,"3,820.00",0.01423884,0.004339787
OW24P,"3,850.00",0.00975503,0.002973188
OW24P,"3,880.00",0.01292651,0.003939808
OW24P,"3,910.00",0.01227034,0.003739817
OW24P,"3,940.00",0.01544182,0.004706437
OW24P,"3,970.00",0.00713035,0.002173225
OW24P,"4,000.00",0.01430446,0.004359787
OW24P,"4,030.00",0.01113298,0.003393167
OW24P,"4,060.00",0.01561679,0.004759765
OW24P,"4,090.00",0.01244532,0.003793148
OW24P,"4,120.00",0.01692913,0.005159747
OW24P,"4,150.00",0.00993001,0.003026519
OW24P,"4,180.00",0.01441382,0.004393118
OW24P,"4,210.00",0.0246391,0.007509631
OW24P,"4,240.00",0.02529527,0.007709622
OW24P,"4,270.00",0.02595144,0.007909613
OW24P,"4,300.00",0.02661854,0.008112935
OW24P,"4,330.00",0.02161526,0.00658801
OW24P,"4,360.00",0.03192257,0.009729525
OW24P,"4,390.00",0.02309164,0.007037988
OW24P,"4,420.00",0.0295713,0.009012892
OW24P,"4,450.00",0.03030949,0.009237882
OW24P,"4,480.00",0.02530621,0.007712956
OW24P,"4,510.00",0.03561351,0.010854468
OW24P,"4,540.00",0.04209317,0.012829372
OW24P,"4,570.00",0.03708989,0.011304447
OW24P,"4,600.00",0.02816054,0.008582914
OW24P,"4,630.00",0.03390201,0.010332828
OW24P,"4,660.00",0.03772966,0.011499439
OW24P,"4,690.00",0.04729877,0.014415962
OW24P,"4,720.00",0.04729877,0.014415962
OW24P,"4,750.00",0.03772966,0.011499439
OW24P,"4,780.00",0.03772966,0.011499439
OW24P,"4,810.00",0.03390201,0.010332828
OW24P,"4,840.00",0.04347113,0.013249354
OW24P,"4,870.00",0.02816054,0.008582914
OW24P,"4,900.00",0.03380358,0.010302828
OW24P,"4,930.00",0.03689304,0.01124445
OW24P,"4,960.00",0.04189632,0.012769375
OW24P,"4,990.00",0.03541666,0.010794471
OW24P,"5,020.00",0.03467847,0.010569482
OW24P,"5,050.00",0.03394029,0.010344496
OW24P,"5,080.00",0.04277121,0.013036029
OW24P,"5,110.00",0.02289479,0.006977991
OW24P,"5,140.00",0.03172572,0.009669528
OW24P,"5,170.00",0.036729,0.011194453
OW24P,"5,200.00",0.04001531,0.012196071
OW24P,"5,230.00",0.03692585,0.01125445
OW24P,"5,260.00",0.04723316,0.014395965
OW24P,"5,290.00",0.03840223,0.011704429
OW24P,"5,320.00",0.03914042,0.011929418
OW24P,"5,350.00",0.03987861,0.012154407
OW24P,"5,380.00",0.0406168,0.012379397
OW24P,"5,410.00",0.04135498,0.012604383
OW23P,0,0,0
OW23P,25,0.00382764,0.001166608
OW23P,55,0,0
OW23P,85,-0.00574147,-0.001749915
OW23P,115,-0.00615705,-0.001876577
OW23P,145,0.0027559,0.000839957
OW23P,175,-0.00746938,-0.002276556
OW23P,205,0.00144357,0.000439979
OW23P,235,0.0007874,0.000239988
OW23P,265,-0.00369642,-0.001126614
OW23P,295,-0.00052494,-0.000159994
OW23P,325,0.01030183,0.003139845
OW23P,355,0.0039042,0.001189942
OW23P,385,-0.00632109,-0.001926574
OW23P,415,-0.00185094,-0.000564139
OW23P,445,-0.00428423,-0.00130577
OW23P,475,-0.00863135,-0.002630707
OW23P,505,0.00233213,0.000710799
OW23P,535,-0.00010116,-3.08321E-05
OW23P,565,0.00512084,0.001560756
OW23P,595,0.00268755,0.000819125
OW23P,625,0.00408191,0.001244105
OW23P,655,0.00930391,0.002835693
OW23P,685,0.00687062,0.002094063
OW23P,715,0.016951,0.005166413
OW23P,745,0.02269247,0.006916327
OW23P,775,0.016951,0.005166413
OW23P,805,0.016951,0.005166413
OW23P,835,0.016951,0.005166413
OW23P,865,0.016951,0.005166413
OW23P,895,0.02269247,0.006916327
OW23P,925,0.02269247,0.006916327
OW23P,955,0.016951,0.005166413
OW23P,985,0.02652012,0.008082938
OW23P,"1,015.00",0.02222495,0.006773834
OW23P,"1,045.00",0.02531441,0.007715456
OW23P,"1,075.00",0.03031769,0.009240381
OW23P,"1,105.00",0.03340715,0.010182002
OW23P,"1,135.00",0.03266896,0.009957013
OW23P,"1,165.00",0.02810313,0.008565416
OW23P,"1,195.00",0.03693405,0.011256949
OW23P,"1,225.00",0.03619586,0.01103196
OW23P,"1,255.00",0.03928532,0.011973581
OW23P,"1,285.00",0.02897802,0.008832069
OW23P,"1,315.00",0.05405457,0.016475029
OW23P,"1,345.00",0.04905129,0.014950104
OW23P,"1,375.00",0.04596183,0.014008482
OW23P,"1,405.00",0.04670002,0.014233472
OW23P,"1,435.00",0.04743821,0.014458461
OW23P,"1,465.00",0.05774552,0.017599976
OW23P,"1,495.00",0.04891459,0.01490844
OW23P,"1,525.00",0.04391131,0.013383514
OW23P,"1,555.00",0.05421861,0.016525026
OW23P,"1,585.00",0.0549568,0.016750015
OW23P,"1,615.00",0.06096894,0.018582426
OW23P,"1,645.00",0.06479659,0.019749037
OW23P,"1,675.00",0.06479659,0.019749037
OW23P,"1,705.00",0.06479659,0.019749037
OW23P,"1,735.00",0.06479659,0.019749037
OW23P,"1,765.00",0.06479659,0.019749037
OW23P,"1,795.00",0.06479659,0.019749037
OW23P,"1,825.00",0.07053806,0.021498952
OW23P,"1,855.00",0.07053806,0.021498952
OW23P,"1,885.00",0.08010717,0.024415474
OW23P,"1,915.00",0.07586395,0.023122204
OW23P,"1,945.00",0.07903543,0.024088824
OW23P,"1,975.00",0.08412073,0.025638747
OW23P,"2,005.00",0.0777231,0.023688845
OW23P,"2,035.00",0.07706693,0.023488854
OW23P,"2,065.00",0.08597988,0.026205389
OW23P,"2,095.00",0.07575459,0.023088872
OW23P,"2,125.00",0.08083989,0.024638796
OW23P,"2,155.00",0.08018373,0.024438808
OW23P,"2,185.00",0.07952756,0.024238817
OW23P,"2,215.00",0.07013342,0.021375623
OW23P,"2,245.00",0.07461724,0.022742225
OW23P,"2,275.00",0.08101487,0.024692127
OW23P,"2,305.00",0.08167104,0.024892118
OW23P,"2,335.00",0.08615486,0.02625872
OW23P,"2,365.00",0.08298338,0.0252921
OW23P,"2,395.00",0.08363955,0.025492091
OW23P,"2,425.00",0.08812336,0.026858689
OW23P,"2,455.00",0.08877953,0.02705868
OW23P,"2,485.00",0.09517717,0.029008586
OW23P,"2,515.00",0.09924541,0.030248525
OW23P,"2,545.00",0.09924541,0.030248525
OW23P,"2,575.00",0.09924541,0.030248525
OW23P,"2,605.00",0.09924541,0.030248525
OW23P,"2,635.00",0.08967629,0.027331999
OW23P,"2,665.00",0.10498688,0.03199844
OW23P,"2,695.00",0.08967629,0.027331999
OW23P,"2,725.00",0.09924541,0.030248525
OW23P,"2,755.00",0.10881452,0.033165047
OW23P,"2,785.00",0.10498688,0.03199844
OW23P,"2,815.00",0.10498688,0.03199844
OW23P,"2,845.00",0.09541776,0.029081914
OW23P,"2,875.00",0.10498688,0.03199844
OW23P,"2,905.00",0.11455599,0.034914962
OW23P,"2,935.00",0.10498688,0.03199844
OW23P,"2,965.00",0.11455599,0.034914962
OW23P,"2,995.00",0.11455599,0.034914962
OW23P,"3,025.00",0.10498688,0.03199844
OW23P,"3,055.00",0.10498688,0.03199844
OW23P,"3,085.00",0.11455599,0.034914962
OW23P,"3,115.00",0.11796807,0.035954913
OW23P,"3,145.00",0.1173119,0.035754922
OW23P,"3,175.00",0.11282808,0.034388321
OW23P,"3,205.00",0.11217192,0.034188333
OW23P,"3,235.00",0.1153434,0.035154953
OW23P,"3,265.00",0.1204287,0.036704877
OW23P,"3,295.00",0.11403106,0.034754971
OW23P,"3,325.00",0.11911636,0.036304895
OW23P,"3,355.00",0.11846019,0.036104904
OW23P,"3,385.00",0.11780403,0.035904916
OW23P,"3,415.00",0.10840989,0.033041722
OW23P,"3,445.00",0.11863517,0.036158235
OW23P,"3,475.00",0.11929134,0.036358226
OW23P,"3,505.00",0.13525809,0.041224654
OW23P,"3,535.00",0.12060368,0.036758208
OW23P,"3,565.00",0.12125984,0.036958196
OW23P,"3,595.00",0.12191601,0.037158187
OW23P,"3,625.00",0.12831365,0.039108092
OW23P,"3,655.00",0.13279746,0.040474691
OW23P,"3,685.00",0.12962599,0.039508074
OW23P,"3,715.00",0.13902012,0.042371265
OW23P,"3,745.00",0.13262249,0.040421362
OW23P,"3,775.00",0.1223972,0.037304846
OW23P,"3,805.00",0.13705162,0.041771295
OW23P,"3,835.00",0.12682634,0.038654782
OW23P,"3,865.00",0.12999781,0.039621399
OW23P,"3,895.00",0.13508312,0.041171326
OW23P,"3,925.00",0.12868548,0.03922142
OW23P,"3,955.00",0.12802931,0.039021429
OW23P,"3,985.00",0.12737314,0.038821439
OW23P,"4,015.00",0.13328959,0.040624685
OW23P,"4,045.00",0.12820429,0.039074761
OW23P,"4,075.00",0.13460193,0.041024666
OW23P,"4,105.00",0.13908574,0.042391265
OW23P,"4,135.00",0.13591426,0.041424645
OW23P,"4,165.00",0.14039808,0.042791247
OW23P,"4,195.00",0.14105425,0.042991237
OW23P,"4,225.00",0.1321413,0.040274703
OW23P,"4,255.00",0.13279746,0.040474691
OW23P,"4,285.00",0.14302275,0.043591207
OW23P,"4,315.00",0.14373086,0.043807028
OW23P,"4,345.00",0.13489994,0.041115495
OW23P,"4,375.00",0.13563813,0.041340485
OW23P,"4,405.00",0.15551455,0.047398522
OW23P,"4,435.00",0.15242509,0.0464569
OW23P,"4,465.00",0.1627324,0.049598415
OW23P,"4,495.00",0.15390147,0.046906879
OW23P,"4,525.00",0.15463966,0.047131868
OW23P,"4,555.00",0.15537785,0.047356858
OW23P,"4,585.00",0.15994368,0.048748455
OW23P,"4,615.00",0.15064523,0.045914425
OW23P,"4,645.00",0.1563867,0.04766434
OW23P,"4,675.00",0.1563867,0.04766434
OW23P,"4,705.00",0.16595582,0.050580866
OW23P,"4,735.00",0.14681759,0.044747818
OW23P,"4,765.00",0.1563867,0.04766434
OW23P,"4,795.00",0.16021435,0.048830951
OW23P,"4,825.00",0.16021435,0.048830951
OW23P,"4,855.00",0.1563867,0.04766434
OW23P,"4,885.00",0.1563867,0.04766434
OW23P,"4,915.00",0.15591918,0.047521847
OW23P,"4,945.00",0.155181,0.047296861
OW23P,"4,975.00",0.16401192,0.049988394
OW23P,"5,005.00",0.15753226,0.04801349
OW23P,"5,035.00",0.16253554,0.049538415
OW23P,"5,065.00",0.16179736,0.049313429
OW23P,"5,095.00",0.17062828,0.052004962
OW23P,"5,125.00",0.16414862,0.050030058
OW23P,"5,155.00",0.15958279,0.048638461
OW23P,"5,185.00",0.1588446,0.048413472
OW23P,"5,215.00",0.16861057,0.051389994
OW23P,"5,245.00",0.15403817,0.046948543
OW23P,"5,275.00",0.16434548,0.050090058
OW23P,"5,305.00",0.16125602,0.049148436
OW23P,"5,335.00",0.16582185,0.050540034
OW23P,"5,365.00",0.1627324,0.049598415
OW23P,"5,395.00",0.16347058,0.049823401
OW23P,"5,425.00",0.17377789,0.052964916
OW17P,0,0,0
OW17P,5,0.00382765,0.001166611
OW17P,35,0,0
OW17P,65,-0.00382765,-0.001166611
OW17P,95,0.00382765,0.001166611
OW17P,125,0.007021,0.002139896
OW17P,155,0.00636483,0.001939906
OW17P,185,-0.00194663,-0.000593304
OW17P,215,0.01270779,0.003873145
OW17P,245,0.00439632,0.001339933
OW17P,275,-0.00008749,-2.66657E-05
OW17P,305,0.00308399,0.000939954
OW17P,335,0.00242782,0.000739963
OW17P,365,0.0055993,0.001706583
OW17P,395,0.00877078,0.002673203
OW17P,425,0.00626914,0.001910741
OW17P,455,0.00766349,0.002335718
OW17P,485,0.0128855,0.003927309
OW17P,515,0.02767662,0.008435422
OW17P,545,0.02907098,0.008860402
OW17P,575,0.03046533,0.009285379
OW17P,605,0.03951498,0.012043578
OW17P,635,0.0294264,0.008968729
OW17P,665,0.03082076,0.009393709
OW17P,695,0.03604276,0.010985297
OW17P,725,0.03608924,0.010999464
OW17P,755,0.03608924,0.010999464
OW17P,785,0.03226159,0.009832853
OW17P,815,0.03226159,0.009832853
OW17P,845,0.03991689,0.012166074
OW17P,875,0.03991689,0.012166074
OW17P,905,0.03991689,0.012166074
OW17P,935,0.03991689,0.012166074
OW17P,965,0.04374453,0.013332682
OW17P,995,0.04374453,0.013332682
OW17P,"1,025.00",0.0468586,0.014281804
OW17P,"1,055.00",0.04229276,0.012890204
OW17P,"1,085.00",0.04155457,0.012665215
OW17P,"1,115.00",0.04464403,0.013606836
OW17P,"1,145.00",0.04007819,0.012215236
OW17P,"1,175.00",0.05273677,0.016073383
OW17P,"1,205.00",0.04242946,0.012931868
OW17P,"1,235.00",0.05508804,0.016790015
OW17P,"1,265.00",0.0505222,0.015398415
OW17P,"1,295.00",0.04978401,0.015173426
OW17P,"1,325.00",0.05812828,0.017716635
OW17P,"1,355.00",0.05121118,0.015608406
OW17P,"1,385.00",0.05577701,0.017000003
OW17P,"1,415.00",0.06034285,0.018391603
OW17P,"1,445.00",0.05342574,0.016283371
OW17P,"1,475.00",0.06181923,0.018841582
OW17P,"1,505.00",0.06255742,0.019066571
OW17P,"1,535.00",0.06712325,0.020458168
OW17P,"1,565.00",0.06403379,0.019516547
OW17P,"1,595.00",0.06477198,0.019741536
OW17P,"1,625.00",0.07245188,0.022082255
OW17P,"1,655.00",0.06479659,0.019749037
OW17P,"1,685.00",0.06862424,0.020915648
OW17P,"1,715.00",0.07245188,0.022082255
OW17P,"1,745.00",0.07627953,0.023248866
OW17P,"1,775.00",0.07245188,0.022082255
OW17P,"1,805.00",0.07627953,0.023248866
OW17P,"1,835.00",0.07627953,0.023248866
OW17P,"1,865.00",0.07245188,0.022082255
OW17P,"1,895.00",0.07627953,0.023248866
OW17P,"1,925.00",0.07564523,0.023055541
OW17P,"1,955.00",0.08455818,0.025772076
OW17P,"1,985.00",0.07816054,0.02382217
OW17P,"2,015.00",0.08324585,0.025372097
OW17P,"2,045.00",0.08641732,0.026338714
OW17P,"2,075.00",0.08193351,0.024972115
OW17P,"2,105.00",0.07553587,0.02302221
OW17P,"2,135.00",0.08827647,0.026905355
OW17P,"2,165.00",0.08379265,0.025538753
OW17P,"2,195.00",0.08696413,0.026505373
OW17P,"2,225.00",0.0914042,0.027858641
OW17P,"2,255.00",0.09206037,0.028058632
OW17P,"2,285.00",0.08888889,0.027092012
OW17P,"2,315.00",0.08188977,0.024958784
OW17P,"2,345.00",0.09402887,0.028658601
OW17P,"2,375.00",0.09468504,0.028858592
OW17P,"2,405.00",0.09916886,0.030225194
OW17P,"2,435.00",0.09216973,0.028091963
OW17P,"2,465.00",0.10048119,0.030625172
OW17P,"2,495.00",0.10113736,0.030825163
OW17P,"2,525.00",0.10498688,0.03199844
OW17P,"2,555.00",0.09733159,0.029665221
OW17P,"2,585.00",0.10115923,0.030831829
OW17P,"2,615.00",0.10498688,0.03199844
OW17P,"2,645.00",0.10498688,0.03199844
OW17P,"2,675.00",0.11072835,0.033748354
OW17P,"2,705.00",0.11072835,0.033748354
OW17P,"2,735.00",0.10498688,0.03199844
OW17P,"2,765.00",0.114556,0.034914965
OW17P,"2,795.00",0.114556,0.034914965
OW17P,"2,825.00",0.10115923,0.030831829
OW17P,"2,855.00",0.11072835,0.033748354
OW17P,"2,885.00",0.11072835,0.033748354
OW17P,"2,915.00",0.11072835,0.033748354
OW17P,"2,945.00",0.114556,0.034914965
OW17P,"2,975.00",0.11072835,0.033748354
OW17P,"3,005.00",0.10115923,0.030831829
OW17P,"3,035.00",0.11838364,0.036081573
OW17P,"3,065.00",0.114556,0.034914965
OW17P,"3,095.00",0.114556,0.034914965
OW17P,"3,125.00",0.11774935,0.035888251
OW17P,"3,155.00",0.12092083,0.03685487
OW17P,"3,185.00",0.12791995,0.038988098
OW17P,"3,215.00",0.12343614,0.0376215
OW17P,"3,245.00",0.11895232,0.036254898
OW17P,"3,275.00",0.11829615,0.036054907
OW17P,"3,305.00",0.12146763,0.037021527
OW17P,"3,335.00",0.12463911,0.037988147
OW17P,"3,365.00",0.12398294,0.037788156
OW17P,"3,395.00",0.11567148,0.035254947
OW17P,"3,425.00",0.12011155,0.036608214
OW17P,"3,455.00",0.12842301,0.039141423
OW17P,"3,485.00",0.12142389,0.037008196
OW17P,"3,515.00",0.12973535,0.039541405
OW17P,"3,545.00",0.12273622,0.037408174
OW17P,"3,575.00",0.12339239,0.037608165
OW17P,"3,605.00",0.12787621,0.038974767
OW17P,"3,635.00",0.13236002,0.040341365
OW17P,"3,665.00",0.13301619,0.040541356
OW17P,"3,695.00",0.12601706,0.038408126
OW17P,"3,725.00",0.12923229,0.03938808
OW17P,"3,755.00",0.12857612,0.039188089
OW17P,"3,785.00",0.14131671,0.043071231
OW17P,"3,815.00",0.13109143,0.039954718
OW17P,"3,845.00",0.12660761,0.038588116
OW17P,"3,875.00",0.12595145,0.038388129
OW17P,"3,905.00",0.12912293,0.039354749
OW17P,"3,935.00",0.13420823,0.040904672
OW17P,"3,965.00",0.13355206,0.040704681
OW17P,"3,995.00",0.13289589,0.040504691
OW17P,"4,025.00",0.12776685,0.038941436
OW17P,"4,055.00",0.13416448,0.040891338
OW17P,"4,085.00",0.12525153,0.038174803
OW17P,"4,115.00",0.12973535,0.039541405
OW17P,"4,145.00",0.13613299,0.041491311
OW17P,"4,175.00",0.13678916,0.041691301
OW17P,"4,205.00",0.13170385,0.040141375
OW17P,"4,235.00",0.13810149,0.04209128
OW17P,"4,265.00",0.13301619,0.040541356
OW17P,"4,295.00",0.13941383,0.042491262
OW17P,"4,325.00",0.14397693,0.043882027
OW17P,"4,355.00",0.14088747,0.042940405
OW17P,"4,385.00",0.14928095,0.045498613
OW17P,"4,415.00",0.1461915,0.044556995
OW17P,"4,445.00",0.15075733,0.045948592
OW17P,"4,475.00",0.15149552,0.046173581
OW17P,"4,505.00",0.15223371,0.046398571
OW17P,"4,535.00",0.1529719,0.04662356
OW17P,"4,565.00",0.15371009,0.046848549
OW17P,"4,595.00",0.15444828,0.047073539
OW17P,"4,625.00",0.15064524,0.045914429
OW17P,"4,655.00",0.15064524,0.045914429
OW17P,"4,685.00",0.15447288,0.047081036
OW17P,"4,715.00",0.15830053,0.048247647
OW17P,"4,745.00",0.14681759,0.044747818
OW17P,"4,775.00",0.14107612,0.042997903
OW17P,"4,805.00",0.15447288,0.047081036
OW17P,"4,835.00",0.15447288,0.047081036
OW17P,"4,865.00",0.15830053,0.048247647
OW17P,"4,895.00",0.15064524,0.045914429
OW17P,"4,925.00",0.15758695,0.048030158
OW17P,"4,955.00",0.15302111,0.046638558
OW17P,"4,985.00",0.15611057,0.04758018
OW17P,"5,015.00",0.15154473,0.04618858
OW17P,"5,045.00",0.15846184,0.048296812
OW17P,"5,075.00",0.153896,0.046905212
OW17P,"5,105.00",0.15315781,0.046680222
OW17P,"5,135.00",0.15624727,0.047621844
OW17P,"5,165.00",0.14785379,0.045063636
OW17P,"5,195.00",0.15477089,0.047171865
OW17P,"5,225.00",0.16311516,0.049715075
OW17P,"5,255.00",0.15619806,0.047606845
OW17P,"5,285.00",0.16076389,0.048998443
OW17P,"5,315.00",0.15767444,0.048056824
OW17P,"5,345.00",0.16224027,0.049448421
OW17P,"5,375.00",0.16297846,0.049673411
OW17P,"5,405.00",0.1675443,0.051065011
PMW-5,0,0,0
PMW-5,900,0.00656168,0.001999902
PMW-5,"1,800.00",0.07217848,0.021998927
PMW-5,"2,700.00",0.164042,0.049997562
PMW-5,"3,600.00",0.24934384,0.075996294
PMW-5,"4,500.00",0.31496064,0.095995319
PMW-5,"5,400.00",0.35761156,0.108994685
PMW-2,0,0,0
PMW-2,900,0.00328084,0.000999951
PMW-2,"1,800.00",0.0164042,0.004999756
PMW-2,"2,700.00",0.0328084,0.009999512
PMW-2,"3,600.00",0.0492126,0.014999269
PMW-2,"4,500.00",0.0656168,0.019999025
PMW-2,"5,400.00",0.07874016,0.02399883
PMW-6,0,0,0
PMW-6,900,0.19356956,0.058997123
PMW-6,"1,800.00",0.56102364,0.170991661
PMW-6,"2,700.00",0.76443572,0.232988638
PMW-6,"3,600.00",0.88910764,0.270986785
PMW-6,"4,500.00",0.97769032,0.297985468
PMW-6,"5,400.00",1.03674544,0.31598459
PMW-9,0,0,0
PMW-9,900,0.00328084,0.000999951
PMW-9,"1,800.00",0.00328084,0.000999951
PMW-9,"2,700.00",0,0
PMW-9,"3,600.00",0.00656168,0.001999902
PMW-9,"4,500.00",0.00984252,0.002999854
PMW-9,"5,400.00",0.01312336,0.003999805
PMW-10,0,0,0
PMW-10,900,0.0164042,0.004999756
PMW-10,"1,800.00",0.11811024,0.035998244
PMW-10,"2,700.00",0.2624672,0.079996099
PMW-10,"3,600.00",0.38385828,0.116994294
PMW-10,"4,500.00",0.47900264,0.14599288
PMW-10,"5,400.00",0.55118112,0.167991807
